,datetime,ticker,earliest_vcp_scanned_date,max_consolidations_pct,consolidation_start_date,consolidation_end_date,total_duration,number_of_consolidations,contraction_ratio,first_contraction_pct,first_contraction_duration,first_contraction_price,latest_contraction_pct,latest_contraction_duration,latest_contraction_price,MERGEDCONTRACTION_0_end_dt,MERGEDCONTRACTION_0_support_price,MERGEDCONTRACTION_0_start_dt,MERGEDCONTRACTION_0_resis_price,MERGEDCONTRACTION_0_contraction_pct,MERGEDCONTRACTION_0_delta_t,MERGEDCONTRACTION_1_end_dt,MERGEDCONTRACTION_1_support_price,MERGEDCONTRACTION_1_start_dt,MERGEDCONTRACTION_1_resis_price,MERGEDCONTRACTION_1_contraction_pct,MERGEDCONTRACTION_1_delta_t,MERGEDCONTRACTION_2_end_dt,MERGEDCONTRACTION_2_support_price,MERGEDCONTRACTION_2_start_dt,MERGEDCONTRACTION_2_resis_price,MERGEDCONTRACTION_2_contraction_pct,MERGEDCONTRACTION_2_delta_t,MERGEDCONTRACTION_3_end_dt,MERGEDCONTRACTION_3_support_price,MERGEDCONTRACTION_3_start_dt,MERGEDCONTRACTION_3_resis_price,MERGEDCONTRACTION_3_contraction_pct,MERGEDCONTRACTION_3_delta_t,MERGEDCONTRACTION_4_end_dt,MERGEDCONTRACTION_4_support_price,MERGEDCONTRACTION_4_start_dt,MERGEDCONTRACTION_4_resis_price,MERGEDCONTRACTION_4_contraction_pct,MERGEDCONTRACTION_4_delta_t,MERGEDCONTRACTION_5_end_dt,MERGEDCONTRACTION_5_support_price,MERGEDCONTRACTION_5_start_dt,MERGEDCONTRACTION_5_resis_price,MERGEDCONTRACTION_5_contraction_pct,MERGEDCONTRACTION_5_delta_t,SW_stage2,volume_contraction_condition,support_mrsquare,support_slope,support_rsquare,resis_mrsquare,resis_slope,resis_rsquare,MM_Stage2Filtered,RSSCORE,SCTRSCORE,MRSQUARE,MERGEDCONTRACTION_6_end_dt,MERGEDCONTRACTION_6_support_price,MERGEDCONTRACTION_6_start_dt,MERGEDCONTRACTION_6_resis_price,MERGEDCONTRACTION_6_contraction_pct,MERGEDCONTRACTION_6_delta_t,is_break_out_latest_contraction,is_break_out_first_contraction,adjclose,adjclose_date
9,2022-04-26,ABM,2022-04-04,0.2759273277819835,2021-05-14,2022-03-28,318,4,6.597793621224305,0.2759273277819835,220,52.84,0.0418201516793066,6,46.15,2021-12-20,38.26,2021-05-14,52.84,0.2759273277819835,220 days,2022-01-28,39.52,2022-01-14,45.44,0.130281690140845,14 days,2022-03-18,43.63,2022-03-09,47.86,0.0883827831174257,9 days,2022-03-28,44.22,2022-03-22,46.15,0.0418201516793066,6 days,,,,,,,,,,,,,True,True,0.0016170788874324,0.0016726664259288,0.9667671105040656,-0.0003138383980224,-0.000389394367944,0.8059654269768497,,,,,,,,,,,True,False,48.27,2022-04-29
18,2022-04-11,ACHC,2022-04-04,0.2706482155863073,2021-09-03,2022-03-23,201,3,7.389381902351419,0.2706482155863073,147,68.65,0.0366256379465625,5,66.62,2022-01-28,50.07,2021-09-03,68.65,0.2706482155863073,147 days,2022-02-24,50.47,2022-02-16,54.97,0.0818628342732399,8 days,2022-03-23,64.18,2022-03-18,66.62,0.0366256379465625,5 days,,,,,,,,,,,,,,,,,,,True,True,0.0040248289714727,0.0052186198581245,0.7712439458886275,-0.000124276855057,-0.0005052014449537,0.2459946548024145,False,92.63510282161646,95.37,94.0,,,,,,,True,False,67.88,2022-04-29
21,2022-04-18,ACRE,2022-04-04,0.1850915982312065,2021-06-14,2022-02-24,255,3,2.2149539420287514,0.1850915982312065,189,15.83,0.0835635359116022,7,14.48,2021-12-20,12.9,2021-06-14,15.83,0.1850915982312065,189 days,2022-01-24,13.19,2022-01-13,14.86,0.1123822341857335,11 days,2022-02-24,13.27,2022-02-17,14.48,0.0835635359116022,7 days,,,,,,,,,,,,,,,,,,,True,True,0.0004051010666634,0.000439023696615,0.9227316652536997,-0.0003173344491681,-0.0003241659696571,0.9789258554925868,,,,,,,,,,,True,False,15.07,2022-04-29
54,2022-04-05,AKAM,2022-04-04,0.1973815048060988,2021-07-30,2022-03-23,236,2,6.307471171049165,0.1973815048060988,209,120.68,0.0312922868741541,5,118.24,2022-02-24,96.86,2021-07-30,120.68,0.1973815048060988,209 days,2022-03-23,114.54,2022-03-18,118.24,0.0312922868741541,5 days,,,,,,,,,,,,,,,,,,,,,,,,,True,True,0.0067604255091349,0.0067604255091349,1.0,-8.752710111675991e-05,-8.752710111675991e-05,1.0,,,,,,,,,,,False,False,112.28,2022-04-29
66,2022-05-02,ALKS,2022-04-04,0.3563636363636364,2021-10-07,2022-04-26,201,3,3.565976437674568,0.3563636363636364,55,33.0,0.0999333777481679,18,30.02,2021-12-01,21.24,2021-10-07,33.0,0.3563636363636364,55 days,2022-03-07,22.9,2022-02-16,26.83,0.1464778233320909,19 days,2022-04-26,27.02,2022-04-08,30.02,0.0999333777481679,18 days,,,,,,,,,,,,,,,,,,,True,True,0.0014358358348916,0.0017235469662699,0.83307032705872,-0.0003177623115785,-0.0006778684932065,0.4687668991302675,,,,,,,,,,,False,False,28.85,2022-04-29
83,2022-04-11,AMGN,2022-04-04,0.2215765338393421,2021-04-21,2022-03-24,337,4,8.425197447598139,0.2215765338393421,224,252.96,0.0262982689747003,3,240.32,2021-12-01,196.91,2021-04-21,252.96,0.2215765338393421,224 days,2022-02-24,214.39,2022-02-08,242.64,0.1164276294098253,16 days,2022-03-10,226.08,2022-03-07,239.66,0.0566636067762663,3 days,2022-03-24,234.0,2022-03-21,240.32,0.0262982689747003,3 days,,,,,,,,,,,,,True,True,0.0014060345691874,0.0015394639010233,0.9133274045937791,-0.0001499662472781,-0.0001525252595161,0.9832223708645742,False,80.20086083213774,90.54,77.9,,,,,,,False,False,233.19,2022-04-29
84,2022-04-26,AMH,2022-04-04,0.17301116936403,2021-12-31,2022-04-11,101,5,8.010629406127913,0.17301116936403,55,43.87,0.0215966998301383,3,41.21,2022-02-24,36.28,2021-12-31,43.87,0.17301116936403,55 days,2022-03-14,37.8,2022-03-08,39.87,0.0519187358916478,6 days,2022-03-24,38.0,2022-03-21,39.75,0.0440251572327043,3 days,2022-04-04,39.61,2022-03-31,41.1,0.0362530413625304,4 days,2022-04-11,40.32,2022-04-08,41.21,0.0215966998301383,3 days,,,,,,,True,True,0.0022852038780054,0.0023777418104296,0.961081589254842,-0.0004367240652744,-0.0007405285534136,0.5897464226885892,,,,,,,,,,,False,False,39.61,2022-04-29
125,2022-04-27,ARMK,2022-04-04,0.1891685736079328,2021-11-05,2022-04-11,157,4,1.9854760149431805,0.1891685736079328,26,39.33,0.0952751817237799,13,38.52,2021-12-01,31.89,2021-11-05,39.33,0.1891685736079328,26 days,2022-01-28,32.07,2022-01-05,38.0,0.1560526315789473,23 days,2022-03-08,32.68,2022-02-16,38.4,0.1489583333333333,20 days,2022-04-11,34.85,2022-03-29,38.52,0.0952751817237799,13 days,,,,,,,,,,,,,True,True,0.000456811237001,0.0006408263249411,0.7128471774985607,-3.949964358000112e-05,-0.0001280702874468,0.3084216047877647,,,,,,,,,,,False,False,36.25,2022-04-29
133,2022-04-18,ASH,2022-04-04,0.2432309649282209,2021-11-22,2022-04-06,135,2,6.104159408972119,0.2432309649282209,106,110.06,0.0398457583547557,8,101.14,2022-03-08,83.29,2021-11-22,110.06,0.2432309649282209,106 days,2022-04-06,97.11,2022-03-29,101.14,0.0398457583547557,8 days,,,,,,,,,,,,,,,,,,,,,,,,,True,True,0.0057215959195333,0.0057215959195333,1.0,-0.0006381630062914,-0.0006381630062914,1.0,,,,,,,,,,,True,False,104.97,2022-04-29
137,2022-05-02,ATEN,2022-04-04,0.3514799154334038,2021-10-29,2022-04-19,172,2,2.526883555545268,0.3514799154334038,136,18.92,0.1390952059419311,21,14.81,2022-03-14,12.27,2021-10-29,18.92,0.3514799154334038,136 days,2022-04-19,12.75,2022-03-29,14.81,0.1390952059419311,21 days,,,,,,,,,,,,,,,,,,,,,,,,,True,True,0.0010866612333604,0.0010866612333604,1.0,-0.0014386122117525,-0.0014386122117525,1.0,,,,,,,,,,,False,False,14.28,2022-04-29
158,2022-05-02,AVGO,2022-04-04,0.2426470588235294,2021-12-28,2022-04-29,122,2,1.7036391486675313,0.2426470588235294,27,673.2,0.1424276704219677,31,645.31,2022-01-24,509.85,2021-12-28,673.2,0.2426470588235294,27 days,2022-04-29,553.4,2022-03-29,645.31,0.1424276704219677,31 days,,,,,,,,,,,,,,,,,,,,,,,,,True,True,0.0008991292588635,0.0008991292588635,1.0,-0.0004552636905578,-0.0004552636905578,1.0,,,,,,,,,,,False,False,554.39,2022-04-29
162,2022-05-02,AVNW,2022-04-04,0.4333099743050689,2021-06-14,2022-04-06,296,2,3.558090545678004,0.4333099743050689,255,42.81,0.1217806041335453,8,31.45,2022-02-24,24.26,2021-06-14,42.81,0.4333099743050689,255 days,2022-04-06,27.62,2022-03-29,31.45,0.1217806041335453,8 days,,,,,,,,,,,,,,,,,,,,,,,,,True,True,0.0033780387268011,0.0033780387268011,1.0,-0.0009213838926522,-0.0009213838926522,1.0,,,,,,,,,,,False,False,29.9,2022-04-29
177,2022-04-11,AZO,2022-04-04,0.1663412322274882,2021-12-29,2022-04-04,96,3,2.7976566111751286,0.1663412322274882,57,2110.0,0.0594563442512725,6,2082.2,2022-02-24,1759.02,2021-12-29,2110.0,0.1663412322274882,57 days,2022-03-08,1836.61,2022-03-01,1953.96,0.0600575242072509,7 days,2022-04-04,1958.4,2022-03-29,2082.2,0.0594563442512725,6 days,,,,,,,,,,,,,,,,,,,True,True,0.0028248498713949,0.0028484831594398,0.9917032024688176,-4.454373727517486e-05,-0.0003196952049591,0.1393318904512908,True,90.57867049258728,89.2,62.9,,,,,,,False,False,1955.47,2022-04-29
178,2022-05-02,AZPN,2022-04-14,0.1993854154355278,2021-10-14,2022-04-27,195,2,1.6870700342509135,0.1993854154355278,152,169.22,0.1181834330037301,22,168.89,2022-03-15,135.48,2021-10-14,169.22,0.1993854154355278,152 days,2022-04-27,148.93,2022-04-05,168.89,0.1181834330037301,22 days,,,,,,,,,,,,,,,,,,,,,,,,,True,True,0.0023087592092885,0.0023087592092885,1.0,-1.127239363471878e-05,-1.127239363471878e-05,1.0,,,,,,,,,,,False,False,158.54,2022-04-29
184,2022-04-27,BAH,2022-04-04,0.2298850574712643,2022-01-04,2022-04-19,105,2,5.590025974489496,0.2298850574712643,51,90.48,0.0411231483528631,11,90.46,2022-02-24,69.68,2022-01-04,90.48,0.2298850574712643,51 days,2022-04-19,86.74,2022-04-08,90.46,0.0411231483528631,11 days,,,,,,,,,,,,,,,,,,,,,,,,,True,True,0.0045339541608198,0.0045339541608198,1.0,-2.3515247286349738e-06,-2.3515247286349738e-06,1.0,,,,,,,,,,,False,False,81.63,2022-04-29
190,2022-05-02,BBSI,2022-04-04,0.3321337357789644,2021-11-03,2022-04-29,177,2,3.303779849961038,0.3321337357789644,113,86.14,0.1005304369790351,31,79.18,2022-02-24,57.53,2021-11-03,86.14,0.3321337357789644,113 days,2022-04-29,71.22,2022-03-29,79.18,0.1005304369790351,31 days,,,,,,,,,,,,,,,,,,,,,,,,,True,True,0.0037181687815053,0.0037181687815053,1.0,-0.0005534157519934,-0.0005534157519934,1.0,,,,,,,,,,,False,False,71.97,2022-04-29
208,2022-04-11,BFS,2022-04-04,0.1895734597156397,2022-01-04,2022-03-23,78,2,3.1804980400295,0.1895734597156397,51,54.86,0.0596039603960395,5,50.5,2022-02-24,44.46,2022-01-04,54.86,0.1895734597156397,51 days,2022-03-23,47.49,2022-03-18,50.5,0.0596039603960395,5 days,,,,,,,,,,,,,,,,,,,,,,,,,True,True,0.0025241165592042,0.0025241165592042,1.0,-0.0010886990046893,-0.0010886990046893,1.0,False,83.9789574366332,86.34,61.6,,,,,,,True,False,51.61,2022-04-29
277,2022-05-02,CASY,2022-04-04,0.2506251370914674,2021-05-14,2022-04-13,334,4,8.927195348110152,0.2506251370914674,298,227.95,0.028073342200266,5,210.52,2022-03-08,170.82,2021-05-14,227.95,0.2506251370914674,298 days,2022-03-14,174.05,2022-03-09,187.35,0.0709901254336802,5 days,2022-04-04,196.2,2022-03-30,202.5,0.0311111111111112,5 days,2022-04-13,204.61,2022-04-08,210.52,0.028073342200266,5 days,,,,,,,,,,,,,True,True,0.0056546164044879,0.0056788449411719,0.9957335449488538,-0.0002180815465571,-0.0003628187549969,0.601075725975091,,,,,,,,,,,False,False,201.3,2022-04-29
288,2022-05-02,CC,2022-04-04,0.4055335968379447,2021-06-09,2022-04-25,320,2,2.942511116811925,0.4055335968379447,272,37.95,0.1378178835110746,4,36.57,2022-03-08,22.56,2021-06-09,37.95,0.4055335968379447,272 days,2022-04-25,31.53,2022-04-21,36.57,0.1378178835110746,4 days,,,,,,,,,,,,,,,,,,,,,,,,,True,True,0.0082834663120567,0.0082834663120567,1.0,-0.0001150747986191,-0.0001150747986191,1.0,,,,,,,,,,,False,False,33.07,2022-04-29
302,2022-04-11,CDK,2022-04-04,0.2940635912516082,2021-04-28,2022-03-24,330,3,5.392916392110005,0.2940635912516082,216,54.41,0.0545267489711933,6,48.6,2021-11-30,38.41,2021-04-28,54.41,0.2940635912516082,216 days,2022-02-04,40.38,2022-01-20,43.9,0.0801822323462413,15 days,2022-03-24,45.95,2022-03-18,48.6,0.0545267489711933,6 days,,,,,,,,,,,,,,,,,,,True,True,0.0014583707600571,0.0016648499465474,0.8759772993845666,-0.0002962731285074,-0.0004526004442835,0.6546019391926055,False,88.66571018651362,94.7,89.60000000000001,,,,,,,True,False,54.41,2022-04-29
322,2022-05-02,CHE,2022-04-04,0.1749309507479562,2021-12-30,2022-04-27,118,2,1.7539322655533545,0.1749309507479562,56,539.47,0.0997354346295132,20,525.39,2022-02-24,445.1,2021-12-30,539.47,0.1749309507479562,56 days,2022-04-27,472.99,2022-04-07,525.39,0.0997354346295132,20 days,,,,,,,,,,,,,,,,,,,,,,,,,True,True,0.001010646393344,0.001010646393344,1.0,-0.0002663233718052,-0.0002663233718052,1.0,,,,,,,,,,,False,False,491.39,2022-04-29
323,2022-04-29,CHEF,2022-04-04,0.3056803170409511,2021-11-05,2022-04-11,157,2,3.716154105067228,0.3056803170409511,123,37.85,0.0822561692126909,7,34.04,2022-03-08,26.28,2021-11-05,37.85,0.3056803170409511,123 days,2022-04-11,31.24,2022-04-04,34.04,0.0822561692126909,7 days,,,,,,,,,,,,,,,,,,,,,,,,,True,True,0.0055510788790402,0.0055510788790402,1.0,-0.00067107001321,-0.00067107001321,1.0,,,,,,,,,,,True,False,36.6,2022-04-29
327,2022-05-02,CHRW,2022-04-04,0.2281283614198638,2022-01-06,2022-04-25,109,4,5.804943888577968,0.2281283614198638,29,111.56,0.0392979778710416,5,104.84,2022-02-04,86.11,2022-01-06,111.56,0.2281283614198638,29 days,2022-04-07,98.57,2022-03-30,111.41,0.1152499775603627,8 days,2022-04-13,99.69,2022-04-08,104.72,0.0480328495034377,5 days,2022-04-25,100.72,2022-04-20,104.84,0.0392979778710416,5 days,,,,,,,,,,,,,True,True,0.0021904539296353,0.00220788525397,0.9921049681801616,-0.0002514032001765,-0.0005135262483112,0.4895625121467237,,,,,,,,,,,True,False,106.15,2022-04-29
331,2022-04-18,CI,2022-04-04,0.2913712025080242,2021-05-10,2022-03-14,308,4,4.219827888064389,0.2913712025080242,204,267.94,0.0690471247664521,11,240.85,2021-11-30,189.87,2021-05-10,267.94,0.2913712025080242,204 days,2022-02-04,212.12,2022-01-20,243.53,0.1289779493286248,15 days,2022-02-24,217.46,2022-02-10,234.39,0.0722300439438541,14 days,2022-03-14,224.22,2022-03-03,240.85,0.0690471247664521,11 days,,,,,,,,,,,,,True,True,0.0017230069519553,0.0017250517495084,0.9988146456744478,-0.0003564810497623,-0.000381151997351,0.935272679245813,,,,,,,,,,,True,False,246.78,2022-04-29
381,2022-05-02,CPB,2022-04-04,0.2011458972784939,2021-05-10,2022-04-25,350,3,5.169100433823265,0.2011458972784939,109,48.87,0.0389121338912133,4,47.8,2021-08-27,39.04,2021-05-10,48.87,0.2011458972784939,109 days,2022-03-10,41.38,2022-01-19,46.38,0.1078050884001724,50 days,2022-04-25,45.94,2022-04-21,47.8,0.0389121338912133,4 days,,,,,,,,,,,,,,,,,,,True,True,0.0004539798213978,0.0006073561697472,0.747468856020298,-3.903738141609112e-05,-9.26022134362893e-05,0.4215599170634188,,,,,,,,,,,False,False,47.22,2022-04-29
428,2022-04-18,CXW,2022-04-04,0.3336032388663967,2021-06-17,2022-04-11,298,3,4.396091417012517,0.3336032388663967,132,12.35,0.0758853288364248,6,11.86,2021-10-27,8.23,2021-06-17,12.35,0.3336032388663967,132 days,2022-03-08,8.39,2021-11-22,11.98,0.2996661101836394,106 days,2022-04-11,10.96,2022-04-05,11.86,0.0758853288364248,6 days,,,,,,,,,,,,,,,,,,,True,True,0.0007182566467885,0.0014792759154033,0.4855460967825793,-0.0001297600486258,-0.0001374668650656,0.9439369157347326,,,,,,,,,,,True,True,12.43,2022-04-29
436,2022-04-26,DAR,2022-04-04,0.3147243545010467,2021-11-01,2022-04-11,161,3,2.637802736651601,0.3147243545010467,84,85.98,0.1193120745252598,19,83.73,2022-01-24,58.92,2021-11-01,85.98,0.3147243545010467,84 days,2022-03-15,69.62,2022-03-03,80.21,0.1320284253833685,12 days,2022-04-11,73.74,2022-03-23,83.73,0.1193120745252598,19 days,,,,,,,,,,,,,,,,,,,True,True,0.0032912418329293,0.0033124819214374,0.9935878628134844,-0.0001578891795584,-0.0003126957301244,0.504929119101058,,,,,,,,,,,False,False,73.39,2022-04-29
441,2022-04-29,DCO,2022-04-04,0.3040068201193521,2021-05-07,2022-04-06,334,3,5.139793115360926,0.3040068201193521,266,58.65,0.0591466764328877,12,54.61,2022-01-28,40.82,2021-05-07,58.65,0.3040068201193521,266 days,2022-02-24,43.09,2022-02-18,46.96,0.0824105621805791,6 days,2022-04-06,51.38,2022-03-25,54.61,0.0591466764328877,12 days,,,,,,,,,,,,,,,,,,,True,True,0.0037447903712917,0.0038981237210402,0.9606648324369742,-0.0001942204869487,-0.0003995100190099,0.4861467240047903,,,,,,,,,,,False,False,51.07,2022-04-29
450,2022-04-11,DG,2022-04-04,0.2289914216706919,2022-01-07,2022-03-24,76,2,3.851259881829791,0.2289914216706919,48,240.14,0.0594578339133049,3,232.77,2022-02-24,185.15,2022-01-07,240.14,0.2289914216706919,48 days,2022-03-24,218.93,2022-03-21,232.77,0.0594578339133049,3 days,,,,,,,,,,,,,,,,,,,,,,,,,True,True,0.0065159523166544,0.0065159523166544,1.0,-0.0004204168572898,-0.0004204168572898,1.0,False,80.91822094691535,86.53,73.1,,,,,,,True,False,237.53,2022-04-29
470,2022-05-02,DNOW,2022-04-04,0.4245998315080033,2021-05-10,2022-04-25,350,6,3.4641207077184184,0.4245998315080033,133,11.87,0.1225697379543533,5,11.83,2021-09-20,6.83,2021-05-10,11.87,0.4245998315080033,133 days,2021-10-26,7.0,2021-10-21,9.52,0.2647058823529411,5 days,2021-12-20,7.66,2021-11-16,10.32,0.2577519379844961,34 days,2022-03-18,9.76,2022-03-08,11.5,0.1513043478260869,10 days,2022-04-07,10.06,2022-04-04,11.51,0.1259774109470025,3 days,2022-04-25,10.38,2022-04-20,11.83,0.1225697379543533,5 days,True,True,0.0025151066125055,0.0025816341775798,0.9742304445563864,3.394235925062292e-06,0.0001082161866888,0.0313653255480363,,,,,,,,,,,False,False,10.9,2022-04-29
476,2022-05-02,DRH,2022-04-04,0.2723174030658251,2021-11-08,2022-04-25,168,4,5.729224039847762,0.2723174030658251,24,11.09,0.0475302889095992,4,10.73,2021-12-02,8.07,2021-11-08,11.09,0.2723174030658251,24 days,2022-01-28,8.34,2022-01-12,10.2,0.1823529411764705,16 days,2022-04-11,8.86,2022-03-29,10.68,0.1704119850187266,13 days,2022-04-25,10.22,2022-04-21,10.73,0.0475302889095992,4 days,,,,,,,,,,,,,True,True,0.0010557069336008,0.001488141253151,0.709413122823817,-7.560228184506765e-06,-0.0001136748843485,0.066507463172993,,,,,,,,,,,False,False,10.62,2022-04-29
478,2022-04-18,DRQ,2022-04-08,0.2127091923356778,2022-03-11,2022-04-11,31,3,2.973858531814954,0.2127091923356778,18,41.23,0.0715253318883769,3,36.91,2022-03-29,32.46,2022-03-11,41.23,0.2127091923356778,18 days,2022-04-07,33.66,2022-04-04,38.99,0.1367017183893307,3 days,2022-04-11,34.27,2022-04-08,36.91,0.0715253318883769,3 days,,,,,,,,,,,,,,,,,,,True,True,0.0042540728931374,0.0042585669348973,0.998944705618454,-0.0028049849242624,-0.0032263705024,0.8693933081076467,,,,,,,,,,,False,False,28.88,2022-04-29
507,2022-05-02,EHC,2022-04-04,0.3598120128381475,2021-05-13,2022-04-27,349,3,2.784789056508577,0.3598120128381475,203,87.24,0.1292052003752848,13,74.61,2021-12-02,55.85,2021-05-13,87.24,0.3598120128381475,203 days,2022-02-04,58.71,2022-01-05,68.54,0.1434199007878611,30 days,2022-04-27,64.97,2022-04-14,74.61,0.1292052003752848,13 days,,,,,,,,,,,,,,,,,,,True,True,0.0011075695560949,0.0011298668216035,0.9802655807903342,-0.0003454347545556,-0.0005174641353164,0.6675530360077878,,,,,,,,,,,False,False,68.83,2022-04-29
521,2022-04-07,ENSG,2022-04-04,0.2478510028653294,2021-04-22,2022-03-24,336,5,4.767679856019028,0.2478510028653294,187,90.74,0.0519846639603068,3,88.68,2021-10-26,68.25,2021-04-22,90.74,0.2478510028653294,187 days,2022-02-04,70.59,2022-01-04,86.7,0.1858131487889273,31 days,2022-02-24,75.9,2022-02-18,81.12,0.0643491124260354,6 days,2022-03-14,83.2,2022-03-09,88.82,0.0632740373789686,5 days,2022-03-24,84.07,2022-03-21,88.68,0.0519846639603068,3 days,,,,,,,True,True,0.001034108968424,0.0014706152742962,0.7031811694727099,-3.0815212128395025e-05,-0.0001384713985784,0.2225384624171704,,,,,,,,,,,False,False,80.33,2022-04-29
524,2022-05-02,ENV,2022-04-04,0.2434003953948132,2021-10-26,2022-04-27,183,2,3.3257712679740647,0.2434003953948132,119,85.99,0.0731851501537006,8,84.58,2022-02-22,65.06,2021-10-26,85.99,0.2434003953948132,119 days,2022-04-27,78.39,2022-04-19,84.58,0.0731851501537006,8 days,,,,,,,,,,,,,,,,,,,,,,,,,True,True,0.0032013718106363,0.0032013718106363,1.0,-9.369860282757118e-05,-9.369860282757118e-05,1.0,,,,,,,,,,,False,False,79.64,2022-04-29
544,2022-04-18,ESTE,2022-04-04,0.260641781270465,2022-01-18,2022-04-11,83,4,2.6081769307510543,0.260641781270465,6,15.27,0.0999315537303215,6,14.61,2022-01-24,11.29,2022-01-18,15.27,0.260641781270465,6 days,2022-03-15,11.35,2022-03-08,14.9,0.238255033557047,7 days,2022-03-29,12.55,2022-03-25,14.12,0.1111898016997166,4 days,2022-04-11,13.15,2022-04-05,14.61,0.0999315537303215,6 days,,,,,,,,,,,,,True,True,0.0012785400435864,0.0019515017412694,0.6551570088555168,-0.0005002029526598,-0.0007588668142503,0.6591445867270442,,,,,,,,,,,False,False,13.49,2022-04-29
558,2022-05-02,EXEL,2022-04-04,0.3985254171517268,2021-05-14,2022-04-28,349,5,7.228934576962264,0.3985254171517268,206,25.77,0.055128205128205,23,23.4,2021-12-06,15.5,2021-05-14,25.77,0.3985254171517268,206 days,2022-01-21,16.86,2021-12-23,19.58,0.138917262512768,29 days,2022-01-28,17.01,2022-01-24,18.6,0.0854838709677419,4 days,2022-03-15,19.75,2022-03-11,21.49,0.0809678920428105,4 days,2022-04-28,22.11,2022-04-05,23.4,0.055128205128205,23 days,,,,,,,True,True,0.0030188592835513,0.0030972158920523,0.9747009536202996,-0.0001546775305599,-0.000487698893077,0.3171578462769231,,,,,,,,,,,False,False,22.34,2022-04-29
559,2022-04-06,EXLS,2022-04-04,0.2329685362517098,2022-01-03,2022-03-25,81,3,5.052774604113699,0.2329685362517098,51,146.2,0.0461060509779002,3,141.63,2022-02-23,112.14,2022-01-03,146.2,0.2329685362517098,51 days,2022-03-08,116.87,2022-03-02,125.0,0.0650399999999999,6 days,2022-03-25,135.1,2022-03-22,141.63,0.0461060509779002,3 days,,,,,,,,,,,,,,,,,,,True,True,0.0065343142927171,0.0069618951484219,0.9385826924150578,-0.0001859670959475,-0.0008705927915533,0.2136097355179479,,,,,,,,,,,False,False,136.15,2022-04-29
582,2022-05-02,FCFS,2022-04-28,0.3947887470154677,2021-10-28,2022-04-27,181,2,3.793089894396025,0.3947887470154677,130,96.33,0.1040800415800414,8,76.96,2022-03-07,58.3,2021-10-28,96.33,0.3947887470154677,130 days,2022-04-27,68.95,2022-04-19,76.96,0.1040800415800414,8 days,,,,,,,,,,,,,,,,,,,,,,,,,True,True,0.0035818787206134,0.0035818787206134,1.0,-0.0011623099545216,-0.0011623099545216,1.0,,,,,,,,,,,True,False,79.78,2022-04-29
583,2022-04-04,FCN,2022-04-04,0.1615355378183199,2022-01-06,2022-03-10,63,2,3.116939445319681,0.1615355378183199,49,157.86,0.0518240484656921,7,151.86,2022-02-24,132.36,2022-01-06,157.86,0.1615355378183199,49 days,2022-03-10,143.99,2022-03-03,151.86,0.0518240484656921,7 days,,,,,,,,,,,,,,,,,,,,,,,,,True,True,0.0062761732072702,0.0062761732072702,1.0,-0.0006787207471357,-0.0006787207471357,1.0,,,,,,,,,,,True,False,157.71,2022-04-29
616,2022-05-02,FLT,2022-04-04,0.2880646762640947,2021-10-26,2022-04-25,181,3,3.865580833296367,0.2880646762640947,36,282.02,0.0745194119864305,4,265.3,2021-12-01,200.78,2021-10-26,282.02,0.2880646762640947,36 days,2022-03-07,217.63,2022-02-09,254.2,0.1438630999213217,26 days,2022-04-25,245.53,2022-04-21,265.3,0.0745194119864305,4 days,,,,,,,,,,,,,,,,,,,True,True,0.001296686324068,0.0014454762386499,0.8970651259402213,-0.0001784840123031,-0.0003813734134133,0.4680032902809938,,,,,,,,,,,False,False,249.52,2022-04-29
628,2022-04-11,FPI,2022-04-04,0.275085324232082,2021-05-10,2022-04-06,331,3,8.304984900250027,0.275085324232082,263,14.65,0.033121916842847,5,14.19,2022-01-28,10.62,2021-05-10,14.65,0.275085324232082,263 days,2022-03-16,12.84,2022-03-11,14.15,0.0925795053003534,5 days,2022-04-06,13.72,2022-04-01,14.19,0.033121916842847,5 days,,,,,,,,,,,,,,,,,,,True,True,0.0043154939653163,0.0043187122102972,0.9992548137444108,-0.0001013527281351,-0.0001030749462027,0.9832915938244275,False,83.50071736011478,88.29,91.5,,,,,,,True,True,14.72,2022-04-29
633,2022-05-02,FRO,2022-04-14,0.2519067334931358,2022-03-08,2022-04-25,48,2,1.8437294059302785,0.2519067334931358,21,91.78,0.1366279069767442,18,86.0,2022-03-29,68.66,2022-03-08,91.78,0.2519067334931358,21 days,2022-04-25,74.25,2022-04-07,86.0,0.1366279069767442,18 days,,,,,,,,,,,,,,,,,,,,,,,,,True,True,0.0030153952379411,0.0030153952379411,1.0,-0.0020992227791094,-0.0020992227791094,1.0,,,,,,,,,,,False,False,78.9,2022-04-29
653,2022-05-02,GCO,2022-04-04,0.2376559956592512,2021-11-18,2022-04-29,162,3,1.7442558451673291,0.2376559956592512,32,73.72,0.1362496517135693,9,71.78,2021-12-20,56.2,2021-11-18,73.72,0.2376559956592512,32 days,2022-04-06,60.81,2022-03-16,72.34,0.1593862316837158,21 days,2022-04-29,62.0,2022-04-20,71.78,0.1362496517135693,9 days,,,,,,,,,,,,,,,,,,,True,True,0.0007847303420817,0.0007853877362096,0.9991629686870852,-0.0001679120477592,-0.0001686053526426,0.9958880019375494,,,,,,,,,,,False,False,62.03,2022-04-29
655,2022-05-02,GDDY,2022-04-04,0.2734711931881013,2021-07-06,2022-04-22,290,5,4.811265109848329,0.2734711931881013,141,90.43,0.056838768115942,8,88.32,2021-11-24,65.7,2021-07-06,90.43,0.2734711931881013,141 days,2022-01-24,67.95,2021-12-31,85.49,0.2051701953444846,24 days,2022-03-15,73.46,2022-02-15,86.33,0.1490791150237461,28 days,2022-04-11,81.0,2022-04-05,87.89,0.0783934463533962,6 days,2022-04-22,83.3,2022-04-14,88.32,0.056838768115942,8 days,,,,,,,True,True,0.0015874776014153,0.0018015454895681,0.8811754188876775,-2.7469480467647595e-05,-9.768055333660332e-05,0.2812174944688207,,,,,,,,,,,False,False,80.81,2022-04-29
662,2022-05-02,GES,2022-04-04,0.4059813084112149,2021-06-24,2022-04-25,305,2,4.020642536697033,0.4059813084112149,256,26.75,0.1009732360097322,5,24.66,2022-03-07,15.89,2021-06-24,26.75,0.4059813084112149,256 days,2022-04-25,22.17,2022-04-20,24.66,0.1009732360097322,5 days,,,,,,,,,,,,,,,,,,,,,,,,,True,True,0.0080656554629403,0.0080656554629403,1.0,-0.0002604361370716,-0.0002604361370716,1.0,,,,,,,,,,,False,False,22.47,2022-04-29
691,2022-05-02,GPC,2022-04-04,0.1913919413919413,2022-01-05,2022-04-25,110,2,2.5382479960189923,0.1913919413919413,50,141.96,0.0754021685210121,4,141.11,2022-02-24,114.79,2022-01-05,141.96,0.1913919413919413,50 days,2022-04-25,130.47,2022-04-21,141.11,0.0754021685210121,4 days,,,,,,,,,,,,,,,,,,,,,,,,,True,True,0.002276621076168,0.002276621076168,1.0,-5.648681265517191e-05,-5.648681265517191e-05,1.0,,,,,,,,,,,False,False,130.05,2022-04-29
720,2022-04-07,HAYN,2022-04-04,0.3417096219931271,2021-11-09,2022-03-29,140,3,4.393213070304058,0.3417096219931271,80,46.56,0.0777802540673054,6,44.87,2022-01-28,30.65,2021-11-09,46.56,0.3417096219931271,80 days,2022-02-24,34.42,2022-02-18,39.72,0.133434038267875,6 days,2022-03-29,41.38,2022-03-23,44.87,0.0777802540673054,6 days,,,,,,,,,,,,,,,,,,,True,True,0.0057991606067151,0.00587293758886,0.987437805863143,-0.0001376180211896,-0.0005488385288627,0.2507440967651789,,,,,,,,,,,False,False,39.08,2022-04-29
725,2022-04-18,HCC,2022-04-04,0.1846332945285215,2022-03-10,2022-04-11,32,2,2.8647495717314486,0.1846332945285215,25,42.95,0.0644490644490644,3,38.48,2022-04-04,35.02,2022-03-10,42.95,0.1846332945285215,25 days,2022-04-11,36.0,2022-04-08,38.48,0.0644490644490644,3 days,,,,,,,,,,,,,,,,,,,,,,,,,True,True,0.0039977155910907,0.0039977155910907,1.0,-0.003588776042712,-0.003588776042712,1.0,,,,,,,,,,,False,False,34.07,2022-04-29
731,2022-04-18,HE,2022-04-04,0.1550213435183104,2021-05-10,2022-03-24,318,3,2.816607810983991,0.1550213435183104,204,44.51,0.0550373134328358,15,42.88,2021-11-30,37.61,2021-05-10,44.51,0.1550213435183104,204 days,2022-02-24,38.89,2022-01-10,42.65,0.0881594372801874,45 days,2022-03-24,40.52,2022-03-09,42.88,0.0550373134328358,15 days,,,,,,,,,,,,,,,,,,,True,True,0.0005380955275669,0.0006120567930845,0.879159472857313,-0.0001240802695027,-0.0001355339564074,0.9154921230938596,,,,,,,,,,,False,False,41.11,2022-04-29
737,2022-05-02,HHC,2022-04-04,0.2757067137809188,2021-05-10,2022-04-27,352,4,3.996362085501604,0.2757067137809188,204,113.2,0.0689884228506357,6,105.38,2021-11-30,81.99,2021-05-10,113.2,0.2757067137809188,204 days,2022-03-08,87.33,2022-01-04,104.06,0.1607726311743225,63 days,2022-04-11,95.23,2022-03-31,105.51,0.0974315230783812,11 days,2022-04-27,98.11,2022-04-21,105.38,0.0689884228506357,6 days,,,,,,,,,,,,,True,True,0.0011233254660262,0.0012718318822544,0.8832342400750562,-0.0001690546311795,-0.0002086259842591,0.8103239478046661,,,,,,,,,,,False,False,100.29,2022-04-29
741,2022-05-02,HII,2022-04-04,0.1701215778885682,2022-03-07,2022-04-25,49,2,2.268257461748087,0.1701215778885682,9,228.66,0.0749999999999999,4,228.0,2022-03-16,189.76,2022-03-07,228.66,0.1701215778885682,9 days,2022-04-25,210.9,2022-04-21,228.0,0.0749999999999999,4 days,,,,,,,,,,,,,,,,,,,,,,,,,True,True,0.0027850969645868,0.0027850969645868,1.0,-6.41418117146279e-05,-6.41418117146279e-05,1.0,,,,,,,,,,,False,False,212.74,2022-04-29
748,2022-04-18,HLT,2022-04-05,0.1999875745526839,2022-02-16,2022-04-07,50,2,2.2422206046743987,0.1999875745526839,19,160.96,0.089190747741398,9,156.07,2022-03-07,128.77,2022-02-16,160.96,0.1999875745526839,19 days,2022-04-07,142.15,2022-03-29,156.07,0.089190747741398,9 days,,,,,,,,,,,,,,,,,,,,,,,,,True,True,0.0033518125590262,0.0033518125590262,1.0,-0.0007409809436066,-0.0007409809436066,1.0,,,,,,,,,,,False,False,155.29,2022-04-29
770,2022-04-04,HST,2022-04-04,0.1665822784810126,2022-02-17,2022-03-24,35,3,3.78767758850643,0.1665822784810126,19,19.75,0.043979057591623,6,19.1,2022-03-08,16.46,2022-02-17,19.75,0.1665822784810126,19 days,2022-03-14,17.85,2022-03-11,18.77,0.0490143846563664,3 days,2022-03-24,18.26,2022-03-18,19.1,0.043979057591623,6 days,,,,,,,,,,,,,,,,,,,True,True,0.0051927388572543,0.0063914994916557,0.8124445388806798,-0.0009943144680905,-0.0014040130451605,0.7081946079616588,,,,,,,,,,,True,True,20.35,2022-04-29
781,2022-05-02,HUM,2022-04-04,0.2577913279132791,2021-05-10,2022-04-26,351,3,3.111090812122827,0.2577913279132791,242,472.32,0.0828610389056972,5,469.34,2022-01-07,350.56,2021-05-10,472.32,0.2577913279132791,242 days,2022-01-24,363.07,2022-01-18,400.91,0.0943852735027812,6 days,2022-04-26,430.45,2022-04-21,469.34,0.0828610389056972,5 days,,,,,,,,,,,,,,,,,,,True,True,0.0020902368233785,0.0020902376411259,0.99999960877782,-1.2064878061228836e-05,-0.0001401444796739,0.0860888569375005,,,,,,,,,,,False,False,444.56,2022-04-29
783,2022-05-02,HURN,2022-04-04,0.2388938447814451,2021-05-17,2022-03-28,315,3,2.455783060835956,0.2388938447814451,256,56.05,0.0972770733735189,7,48.11,2022-01-28,42.66,2021-05-17,56.05,0.2388938447814451,256 days,2022-03-14,43.29,2022-02-28,49.92,0.1328125,14 days,2022-03-28,43.43,2022-03-21,48.11,0.0972770733735189,7 days,,,,,,,,,,,,,,,,,,,True,True,0.0003103396920862,0.0003113703369887,0.9966899708158944,-0.0004154753397567,-0.0004260466529941,0.9751874280360155,,,,,,,,,,,True,False,51.78,2022-04-29
820,2022-05-02,INCY,2022-04-04,0.2985497394062997,2021-06-28,2022-04-28,304,3,2.2049385356775,0.2985497394062997,127,88.26,0.1353994814989393,20,84.86,2021-11-02,61.91,2021-06-28,88.26,0.2985497394062997,127 days,2022-02-14,65.6,2022-01-21,76.5,0.142483660130719,24 days,2022-04-28,73.37,2022-04-08,84.86,0.1353994814989393,20 days,,,,,,,,,,,,,,,,,,,True,True,0.0009231602320964,0.0010137029872396,0.9106811795141062,-6.443890717226891e-05,-0.0002412672824782,0.2670851451981577,,,,,,,,,,,False,False,74.96,2022-04-29
836,2022-04-27,IONS,2022-04-04,0.4255563202569397,2021-05-05,2022-04-13,343,6,9.203016340745354,0.4255563202569397,211,43.59,0.0462399610610855,5,41.09,2021-12-02,25.04,2021-05-05,43.59,0.4255563202569397,211 days,2022-01-31,28.25,2022-01-14,33.09,0.1462677546086431,17 days,2022-02-24,29.68,2022-02-10,34.55,0.1409551374819102,14 days,2022-03-14,31.6,2022-03-01,34.26,0.0776415645067132,13 days,2022-03-30,35.36,2022-03-25,37.11,0.0471571005119914,5 days,2022-04-13,39.19,2022-04-08,41.09,0.0462399610610855,5 days,True,True,0.0033532869589954,0.0039320766922561,0.8528030405915985,-0.0001415191603932,-0.0004365954336833,0.3241425573311313,,,,,,,,,,,False,False,36.76,2022-04-29
848,2022-05-02,IRWD,2022-04-04,0.2901191310441484,2021-08-12,2022-04-28,259,2,2.60903400002182,0.2901191310441484,189,14.27,0.1111969111969112,29,12.95,2022-02-17,10.13,2021-08-12,14.27,0.2901191310441484,189 days,2022-04-28,11.51,2022-03-30,12.95,0.1111969111969112,29 days,,,,,,,,,,,,,,,,,,,,,,,,,True,True,0.0019461288957833,0.0019461288957833,1.0,-0.0004021815301179,-0.0004021815301179,1.0,,,,,,,,,,,False,False,12.0,2022-04-29
858,2022-04-18,J,2022-04-04,0.2354951092054132,2021-11-24,2022-04-12,139,3,6.1844586873358,0.2354951092054132,92,149.26,0.0380775321903188,4,145.23,2022-02-24,114.11,2021-11-24,149.26,0.2354951092054132,92 days,2022-03-08,121.13,2022-03-03,128.49,0.0572807222351935,5 days,2022-04-12,139.7,2022-04-08,145.23,0.0380775321903188,4 days,,,,,,,,,,,,,,,,,,,True,True,0.0047420507486012,0.0047440323510813,0.9995822957489608,-8.53438778037728e-05,-0.0004564363238425,0.1869787160787038,,,,,,,,,,,False,False,138.55,2022-04-29
860,2022-05-02,JAZZ,2022-04-04,0.3775661375661375,2021-06-15,2022-04-25,314,4,6.313350249609962,0.3775661375661375,168,189.0,0.0598034022014244,4,169.89,2021-11-30,117.64,2021-06-15,189.0,0.3775661375661375,168 days,2022-02-24,129.51,2022-01-11,151.87,0.1472311845657471,44 days,2022-04-13,159.56,2022-04-07,169.98,0.0613013295681844,6 days,2022-04-25,159.73,2022-04-21,169.89,0.0598034022014244,4 days,,,,,,,,,,,,,True,True,0.0023013696538288,0.002586608645187,0.8897247204794891,-0.0001302928027391,-0.0003448122414089,0.3778659429453955,,,,,,,,,,,False,False,160.22,2022-04-29
888,2022-05-02,KELYA,2022-04-04,0.3941131498470948,2021-05-28,2022-04-18,325,3,3.540828518526273,0.3941131498470948,189,26.16,0.1113043478260868,20,23.0,2021-12-03,15.85,2021-05-28,26.16,0.3941131498470948,189 days,2022-03-10,18.99,2022-02-16,22.26,0.1469002695417791,22 days,2022-04-18,20.44,2022-03-29,23.0,0.1113043478260868,20 days,,,,,,,,,,,,,,,,,,,True,True,0.0021105472353915,0.0021127048956254,0.9989787214303618,-0.0004156102577311,-0.0004564452979749,0.9105368366703668,,,,,,,,,,,False,False,19.29,2022-04-29
889,2022-04-18,KEX,2022-04-14,0.1515716568993073,2022-03-11,2022-04-13,33,2,5.476975708217487,0.1515716568993073,27,75.08,0.0276733343359901,5,66.49,2022-04-07,63.7,2022-03-11,75.08,0.1515716568993073,27 days,2022-04-13,64.65,2022-04-08,66.49,0.0276733343359901,5 days,,,,,,,,,,,,,,,,,,,,,,,,,True,True,0.0024856096284667,0.0024856096284667,1.0,-0.0040861176649668,-0.0040861176649668,1.0,,,,,,,,,,,False,False,65.2,2022-04-29
893,2022-04-18,KHC,2022-04-04,0.2475063790303874,2021-05-24,2022-03-18,298,3,2.978880208950363,0.2475063790303874,192,43.11,0.0830860534124628,11,40.44,2021-12-02,32.44,2021-05-24,43.11,0.2475063790303874,192 days,2022-02-14,33.71,2022-01-14,37.72,0.1063096500530221,31 days,2022-03-18,37.08,2022-03-07,40.44,0.0830860534124628,11 days,,,,,,,,,,,,,,,,,,,True,True,0.0009480608370401,0.0012056191173796,0.7863684503449981,-0.000183002409266,-0.0003127352551576,0.5851671861358309,,,,,,,,,,,True,False,42.63,2022-04-29
903,2022-05-02,KNSL,2022-04-04,0.2656109705330177,2021-12-29,2022-04-18,110,3,3.5800422151019253,0.2656109705330177,30,245.02,0.0741911336604841,12,240.46,2022-01-28,179.94,2021-12-29,245.02,0.2656109705330177,30 days,2022-02-24,186.91,2022-02-18,207.35,0.0985772847841813,6 days,2022-04-18,222.62,2022-04-06,240.46,0.0741911336604841,12 days,,,,,,,,,,,,,,,,,,,True,True,0.002968644339631,0.0030729703890697,0.966050421504288,-4.14514291713126e-06,-0.0002298824355831,0.0180315773435051,,,,,,,,,,,False,False,221.69,2022-04-29
912,2022-05-02,KSS,2022-04-04,0.2084966295657626,2022-01-25,2022-04-25,90,2,1.7417384207227735,0.2084966295657626,42,63.79,0.1197050517728272,39,63.74,2022-03-08,50.49,2022-01-25,63.79,0.2084966295657626,42 days,2022-04-25,56.11,2022-03-17,63.74,0.1197050517728272,39 days,,,,,,,,,,,,,,,,,,,,,,,,,True,True,0.0023189410444312,0.0023189410444312,1.0,-1.5369057169818272e-05,-1.5369057169818272e-05,1.0,,,,,,,,,,,False,False,57.88,2022-04-29
954,2022-04-18,LOPE,2022-04-04,0.3894461404273877,2021-04-26,2022-04-04,343,4,14.956262505359362,0.3894461404273877,221,114.65,0.0260380014074596,3,99.47,2021-12-03,70.0,2021-04-26,114.65,0.3894461404273877,221 days,2022-02-17,72.0,2022-01-07,90.34,0.2030108479079034,41 days,2022-03-25,93.82,2022-03-22,98.79,0.0503087357019942,3 days,2022-04-04,96.88,2022-04-01,99.47,0.0260380014074596,3 days,,,,,,,,,,,,,True,True,0.0023133391248284,0.0031359625231506,0.7376807304777018,-0.0002732888639621,-0.0004385864935057,0.6231128135698729,,,,,,,,,,,False,False,95.97,2022-04-29
962,2022-04-26,LRN,2022-04-04,0.33203125,2021-11-19,2022-04-11,143,3,3.0329032251187096,0.33203125,66,38.4,0.1094753747323339,7,37.36,2022-01-24,25.65,2021-11-19,38.4,0.33203125,66 days,2022-03-08,31.05,2022-01-26,36.51,0.1495480690221856,41 days,2022-04-11,33.27,2022-04-04,37.36,0.1094753747323339,7 days,,,,,,,,,,,,,,,,,,,True,True,0.0037925970624525,0.0039030865724867,0.9716917603588386,-6.009602233810469e-05,-0.0001991421568627,0.3017744875562671,,,,,,,,,,,True,True,39.3,2022-04-29
966,2022-04-18,LTC,2022-04-04,0.2580097087378641,2021-04-26,2022-04-12,351,3,3.092952036511313,0.2580097087378641,157,41.2,0.083417593528817,11,39.56,2021-09-30,30.57,2021-04-26,41.2,0.2580097087378641,157 days,2022-02-24,32.08,2022-01-18,36.36,0.1177117711771177,37 days,2022-04-12,36.26,2022-04-01,39.56,0.083417593528817,11 days,,,,,,,,,,,,,,,,,,,True,True,0.0005861656587812,0.0008103111215924,0.7233834550231859,-7.629532623130079e-05,-0.00020409169322,0.3738286699842604,,,,,,,,,,,False,False,33.0,2022-04-29
969,2022-05-02,LUV,2022-04-04,0.4228957286432161,2021-05-18,2022-04-27,344,3,3.810590844320832,0.4228957286432161,293,63.68,0.1109780439121757,6,50.1,2022-03-07,36.75,2021-05-18,63.68,0.4228957286432161,293 days,2022-04-11,41.04,2022-03-31,46.39,0.1153265790040957,11 days,2022-04-27,44.54,2022-04-21,50.1,0.1109780439121757,6 days,,,,,,,,,,,,,,,,,,,True,True,0.0039286785096514,0.0040225713019161,0.9766585138664832,-0.0006808439600996,-0.000729299048525,0.9335593697489692,,,,,,,,,,,False,False,46.72,2022-04-29
971,2022-05-02,LW,2022-04-07,0.4134513274336283,2021-06-08,2022-04-27,323,2,7.7323928123451156,0.4134513274336283,279,84.75,0.0534690366972477,6,69.76,2022-03-14,49.71,2021-06-08,84.75,0.4134513274336283,279 days,2022-04-27,66.03,2022-04-21,69.76,0.0534690366972477,6 days,,,,,,,,,,,,,,,,,,,,,,,,,True,True,0.0074614582761836,0.0074614582761836,1.0,-0.0005579594837292,-0.0005579594837292,1.0,,,,,,,,,,,False,False,66.1,2022-04-29
974,2022-04-18,LYB,2022-04-04,0.2691733286479838,2021-06-04,2022-04-07,307,4,2.6692757054417613,0.2691733286479838,181,113.83,0.1008403361344537,13,108.29,2021-12-02,83.19,2021-06-04,113.83,0.2691733286479838,181 days,2022-01-25,88.2,2022-01-14,101.75,0.1331695331695331,11 days,2022-03-01,90.82,2022-02-10,102.78,0.1163650515664527,19 days,2022-04-07,97.37,2022-03-25,108.29,0.1008403361344537,13 days,,,,,,,,,,,,,True,True,0.0012543404016126,0.0013001679231672,0.9647526133063112,-0.0001430331384569,-0.0002708880646177,0.528015653472284,,,,,,,,,,,False,False,106.03,2022-04-29
983,2022-05-02,MANT,2022-04-04,0.2675714443341057,2021-06-17,2022-04-28,315,2,2.586015289022749,0.2675714443341057,167,90.63,0.1034676242845921,38,89.11,2021-12-01,66.38,2021-06-17,90.63,0.2675714443341057,167 days,2022-04-28,79.89,2022-03-21,89.11,0.1034676242845921,38 days,,,,,,,,,,,,,,,,,,,,,,,,,True,True,0.0013751699877038,0.0013751699877038,1.0,-6.0546889781955336e-05,-6.0546889781955336e-05,1.0,,,,,,,,,,,False,False,80.34,2022-04-29
984,2022-04-18,MAR,2022-04-04,0.2103897507973404,2022-02-16,2022-04-11,54,2,2.138463655976734,0.2103897507973404,20,184.99,0.098382598996096,11,179.3,2022-03-08,146.07,2022-02-16,184.99,0.2103897507973404,20 days,2022-04-11,161.66,2022-03-31,179.3,0.098382598996096,11 days,,,,,,,,,,,,,,,,,,,,,,,,,True,True,0.0031391073578743,0.0031391073578743,1.0,-0.0007153120784655,-0.0007153120784655,1.0,,,,,,,,,,,False,False,177.52,2022-04-29
1012,2022-04-18,MET,2022-04-05,0.1506547208821502,2022-02-11,2022-04-07,55,2,2.6801962804779222,0.1506547208821502,25,72.55,0.0562093313027828,9,72.23,2022-03-08,61.62,2022-02-11,72.55,0.1506547208821502,25 days,2022-04-07,68.17,2022-03-29,72.23,0.0562093313027828,9 days,,,,,,,,,,,,,,,,,,,,,,,,,True,True,0.0035432218976522,0.0035432218976522,1.0,-9.588589578401544e-05,-9.588589578401544e-05,1.0,,,,,,,,,,,False,False,65.68,2022-04-29
1014,2022-04-11,MGEE,2022-04-04,0.1583241992449153,2021-12-31,2022-03-10,69,2,3.3529318958894367,0.1583241992449153,55,82.11,0.0472186287192754,3,77.3,2022-02-24,69.11,2021-12-31,82.11,0.1583241992449153,55 days,2022-03-10,73.65,2022-03-07,77.3,0.0472186287192754,3 days,,,,,,,,,,,,,,,,,,,,,,,,,True,True,0.0046923124625338,0.0046923124625338,1.0,-0.000887575056373,-0.000887575056373,1.0,False,79.05308464849354,83.56,71.8,,,,,,,True,False,77.87,2022-04-29
1019,2022-04-07,MGPI,2022-04-04,0.1841987466427931,2021-12-08,2022-03-28,110,3,2.564599819886729,0.1841987466427931,51,89.36,0.0718225824608802,4,88.83,2022-01-28,72.9,2021-12-08,89.36,0.1841987466427931,51 days,2022-03-10,75.35,2022-03-03,84.84,0.111857614332862,7 days,2022-03-28,82.45,2022-03-24,88.83,0.0718225824608802,4 days,,,,,,,,,,,,,,,,,,,True,True,0.0015321888906478,0.0019795993992939,0.7739893693614714,-3.87699539236291e-05,-0.0002111145865017,0.183644126945787,,,,,,,,,,,True,True,91.33,2022-04-29
1024,2022-05-02,MIME,2022-04-04,0.1693963500233973,2021-11-18,2022-03-18,120,2,7.123169883412856,0.1693963500233973,18,85.48,0.0237800346792173,64,80.74,2021-12-06,71.0,2021-11-18,85.48,0.1693963500233973,18 days,2022-03-18,78.82,2022-01-13,80.74,0.0237800346792173,64 days,,,,,,,,,,,,,,,,,,,,,,,,,True,True,0.0010798122065727,0.0010798122065727,1.0,-0.0009902065646099,-0.0009902065646099,1.0,,,,,,,,,,,False,False,79.68,2022-04-29
1036,2022-04-18,MMC,2022-04-04,0.1818025554345956,2021-12-28,2022-04-12,105,4,5.02262502293071,0.1818025554345956,31,174.53,0.0361957207594791,4,174.33,2022-01-28,142.8,2021-12-28,174.53,0.1818025554345956,31 days,2022-02-24,145.54,2022-02-09,157.21,0.0742319190891165,15 days,2022-03-08,147.52,2022-03-03,157.54,0.0636028945029832,5 days,2022-04-12,168.02,2022-04-08,174.33,0.0361957207594791,4 days,,,,,,,,,,,,,True,True,0.0020726502415507,0.0024297687935754,0.8530236486002226,-1.9891733896852877e-07,-7.079500533252301e-05,0.0028097651526999,,,,,,,,,,,False,False,161.7,2022-04-29
1037,2022-04-05,MMI,2022-04-04,0.1643541137385187,2021-12-30,2022-03-10,70,2,1.5231635996404196,0.1643541137385187,29,51.17,0.1079021259526675,16,49.86,2022-01-28,42.76,2021-12-30,51.17,0.1643541137385187,29 days,2022-03-10,44.48,2022-02-22,49.86,0.1079021259526675,16 days,,,,,,,,,,,,,,,,,,,,,,,,,True,True,0.0009810855826051,0.0009810855826051,1.0,-0.0004740914453636,-0.0004740914453636,1.0,,,,,,,,,,,False,False,44.79,2022-04-29
1060,2022-05-02,MRK,2022-04-04,0.2180015595410492,2021-11-04,2022-04-25,172,3,3.278401041413092,0.2180015595410492,33,89.77,0.066495306213679,14,89.48,2021-12-07,70.2,2021-11-04,89.77,0.2180015595410492,33 days,2022-02-24,72.23,2022-01-11,81.84,0.1174242424242424,44 days,2022-04-25,83.53,2022-04-11,89.48,0.066495306213679,14 days,,,,,,,,,,,,,,,,,,,True,True,0.0010549337608741,0.0013146132685258,0.8024669962878543,6.968568154303596e-08,3.030811990178417e-05,0.0022992413178005,,,,,,,,,,,False,False,88.69,2022-04-29
1089,2022-04-04,MUSA,2022-04-04,0.186150188230632,2022-01-06,2022-03-24,77,2,3.5851542608252287,0.186150188230632,61,201.88,0.0519215044971381,3,195.68,2022-03-08,164.3,2022-01-06,201.88,0.186150188230632,61 days,2022-03-24,185.52,2022-03-21,195.68,0.0519215044971381,3 days,,,,,,,,,,,,,,,,,,,,,,,,,True,True,0.0080721241631162,0.0080721241631162,1.0,-0.0004150177520496,-0.0004150177520496,1.0,,,,,,,,,,,True,True,233.6,2022-04-29
1093,2022-05-02,MYE,2022-04-14,0.3216753022452504,2021-08-31,2022-04-25,237,2,3.2237749969496874,0.3216753022452504,182,23.16,0.099781181619256,4,22.85,2022-03-01,15.71,2021-08-31,23.16,0.3216753022452504,182 days,2022-04-25,20.57,2022-04-21,22.85,0.099781181619256,4 days,,,,,,,,,,,,,,,,,,,,,,,,,True,True,0.0056246744980035,0.0056246744980035,1.0,-5.744698199500352e-05,-5.744698199500352e-05,1.0,,,,,,,,,,,False,False,21.93,2022-04-29
1099,2022-05-02,NBIX,2022-04-04,0.3345676726532124,2021-11-01,2022-04-13,163,4,8.383123690126537,0.3345676726532124,70,108.02,0.0399086667328503,5,100.73,2022-01-10,71.88,2021-11-01,108.02,0.3345676726532124,70 days,2022-01-27,72.28,2022-01-13,81.06,0.1083148285220824,14 days,2022-03-29,91.57,2022-03-22,95.87,0.0448524042974862,7 days,2022-04-13,96.71,2022-04-08,100.73,0.0399086667328503,5 days,,,,,,,,,,,,,True,True,0.0038347268063243,0.0039144748737927,0.979627390636134,-1.360579397293259e-05,-0.0003077429468478,0.0442115541957852,,,,,,,,,,,False,False,90.03,2022-04-29
1106,2022-05-02,NEU,2022-04-04,0.2133169257109226,2021-10-25,2022-04-27,184,2,2.495096877302685,0.2133169257109226,102,373.81,0.0854934461882089,7,340.26,2022-02-04,294.07,2021-10-25,373.81,0.2133169257109226,102 days,2022-04-27,311.17,2022-04-20,340.26,0.0854934461882089,7 days,,,,,,,,,,,,,,,,,,,,,,,,,True,True,0.0007091392708057,0.0007091392708057,1.0,-0.0005070704973084,-0.0005070704973084,1.0,,,,,,,,,,,False,False,324.61,2022-04-29
1111,2022-05-02,NHC,2022-04-04,0.1977563266370988,2021-08-02,2022-04-28,269,2,1.728632129892625,0.1977563266370988,200,76.66,0.1143994691439945,7,75.35,2022-02-18,61.5,2021-08-02,76.66,0.1977563266370988,200 days,2022-04-28,66.73,2022-04-21,75.35,0.1143994691439945,7 days,,,,,,,,,,,,,,,,,,,,,,,,,True,True,0.0012324731942971,0.0012324731942971,1.0,-6.522306287503276e-05,-6.522306287503276e-05,1.0,,,,,,,,,,,False,False,68.06,2022-04-29
1116,2022-05-02,NLSN,2022-04-04,0.431874777659196,2021-05-10,2022-04-27,352,4,7.408391476512315,0.431874777659196,290,28.11,0.0582943504857861,20,27.79,2022-02-24,15.97,2021-05-10,28.11,0.431874777659196,290 days,2022-03-21,20.43,2022-03-14,25.78,0.2075252133436773,7 days,2022-03-28,21.84,2022-03-23,23.75,0.0804210526315789,5 days,2022-04-27,26.17,2022-04-07,27.79,0.0582943504857861,20 days,,,,,,,,,,,,,True,True,0.0102418797425176,0.0102923906662464,0.9950924012343892,-7.314523794433632e-05,-0.0002455644151929,0.297865787625875,,,,,,,,,,,False,False,26.81,2022-04-29
1121,2022-05-02,NOC,2022-04-04,0.1519701723646143,2022-03-07,2022-04-25,49,2,1.6824050456530664,0.1519701723646143,9,490.82,0.0903281230356619,17,477.26,2022-03-16,416.23,2022-03-07,490.82,0.1519701723646143,9 days,2022-04-25,434.15,2022-04-08,477.26,0.0903281230356619,17 days,,,,,,,,,,,,,,,,,,,,,,,,,True,True,0.0010763279917353,0.0010763279917353,1.0,-0.0008633511266859,-0.0008633511266859,1.0,,,,,,,,,,,False,False,439.4,2022-04-29
1123,2022-04-18,NOV,2022-04-04,0.2282382340691379,2022-03-08,2022-04-13,36,4,3.4369475331253425,0.2282382340691379,8,24.01,0.06640625,5,20.48,2022-03-16,18.53,2022-03-08,24.01,0.2282382340691379,8 days,2022-03-29,18.59,2022-03-21,20.41,0.0891719745222929,8 days,2022-04-07,18.84,2022-04-04,20.6,0.0854368932038835,3 days,2022-04-13,19.12,2022-04-08,20.48,0.06640625,5 days,,,,,,,,,,,,,True,True,0.0009148726734368,0.001092071650821,0.8377405207332959,-0.0028729292217449,-0.0042581422667486,0.6746907552101644,,,,,,,,,,,False,False,18.13,2022-04-29
1140,2022-05-02,NTCT,2022-04-04,0.1757958130197877,2021-11-04,2022-04-29,176,3,1.865950798669585,0.1757958130197877,28,34.87,0.0942114589486118,8,33.86,2021-12-02,28.74,2021-11-04,34.87,0.1757958130197877,28 days,2022-02-24,28.86,2021-12-29,34.05,0.1524229074889866,57 days,2022-04-29,30.67,2022-04-21,33.86,0.0942114589486118,8 days,,,,,,,,,,,,,,,,,,,True,True,0.00031641690175,0.0004332076277551,0.7304047331522707,-0.0001129037542806,-0.0001539180539368,0.7335315864045944,,,,,,,,,,,False,False,30.8,2022-04-29
1164,2022-04-18,OAS,2022-04-04,0.1621291111540194,2022-03-08,2022-04-11,34,3,2.148635316681656,0.1621291111540194,7,155.37,0.0754557840783753,7,154.13,2022-03-15,130.18,2022-03-08,155.37,0.1621291111540194,7 days,2022-03-29,141.15,2022-03-25,155.21,0.0905869467173506,4 days,2022-04-11,142.5,2022-04-04,154.13,0.0754557840783753,7 days,,,,,,,,,,,,,,,,,,,True,True,0.0029953897971275,0.0035372903725203,0.8468034799736601,-0.0001958591166641,-0.0002705757610403,0.723860540615352,,,,,,,,,,,False,False,132.66,2022-04-29
1169,2022-05-02,ODP,2022-04-04,0.3247081712062256,2021-06-07,2022-04-29,326,2,2.8337920356147484,0.3247081712062256,196,51.4,0.1145833333333333,31,48.0,2021-12-20,34.71,2021-06-07,51.4,0.3247081712062256,196 days,2022-04-29,42.5,2022-03-29,48.0,0.1145833333333333,31 days,,,,,,,,,,,,,,,,,,,,,,,,,True,True,0.0017263923054761,0.0017263923054761,1.0,-0.0002242300336345,-0.0002242300336345,1.0,,,,,,,,,,,False,False,43.03,2022-04-29
1197,2022-04-07,ORA,2022-04-04,0.2702375181774115,2021-11-22,2022-04-04,133,4,12.811462684821953,0.2702375181774115,94,82.52,0.0210924164837843,6,82.02,2022-02-24,60.22,2021-11-22,82.52,0.2702375181774115,94 days,2022-03-14,73.17,2022-03-11,80.6,0.092183622828784,3 days,2022-03-24,77.59,2022-03-18,81.24,0.044928606597735,6 days,2022-04-04,80.29,2022-03-29,82.02,0.0210924164837843,6 days,,,,,,,,,,,,,True,True,0.0082951523973824,0.0087071096852309,0.9526872518274064,-4.4789697387679385e-05,-0.0001105084961926,0.4053054645645448,,,,,,,,,,,False,False,77.7,2022-04-29
1221,2022-04-06,PAYX,2022-04-04,0.2048201490916985,2021-12-30,2022-03-23,83,4,7.933388837165068,0.2048201490916985,29,138.17,0.0258164852255053,5,128.6,2022-01-28,109.87,2021-12-30,138.17,0.2048201490916985,29 days,2022-02-24,111.39,2022-02-09,124.3,0.1038616251005631,15 days,2022-03-15,118.92,2022-03-11,124.47,0.0445890576042419,4 days,2022-03-23,125.28,2022-03-18,128.6,0.0258164852255053,5 days,,,,,,,,,,,,,True,True,0.0019971584773752,0.0024461433781499,0.8164519280491618,-0.0005733607584183,-0.0010024103750698,0.5719820671034264,,,,,,,,,,,False,False,126.73,2022-04-29
1227,2022-05-02,PCG,2022-04-04,0.2145564821834723,2022-01-18,2022-04-25,97,2,1.930990960732604,0.2145564821834723,49,13.19,0.1111111111111111,17,13.05,2022-03-08,10.36,2022-01-18,13.19,0.2145564821834723,49 days,2022-04-25,11.6,2022-04-08,13.05,0.1111111111111111,17 days,,,,,,,,,,,,,,,,,,,,,,,,,True,True,0.0024935649935649,0.0024935649935649,1.0,-0.0001326762699014,-0.0001326762699014,1.0,,,,,,,,,,,False,False,12.65,2022-04-29
1234,2022-05-02,PEB,2022-04-04,0.2686341278849792,2021-11-05,2022-04-27,173,5,4.758051714991922,0.2686341278849792,45,26.43,0.0564578499613303,7,25.86,2021-12-20,19.33,2021-11-05,26.43,0.2686341278849792,45 days,2022-01-28,19.78,2022-01-07,24.03,0.1768622555139408,21 days,2022-03-08,20.77,2022-02-16,24.94,0.1672012830793906,20 days,2022-04-11,21.46,2022-04-05,25.29,0.1514432582048239,6 days,2022-04-27,24.4,2022-04-20,25.86,0.0564578499613303,7 days,,,,,,,True,True,0.0013258653669186,0.0017256407531169,0.7683322061812541,-9.614300258771018e-07,-6.307621530353775e-05,0.0152423543684488,,,,,,,,,,,False,False,24.42,2022-04-29
1244,2022-05-02,PFGC,2022-04-04,0.2652675038706348,2022-03-03,2022-04-06,34,2,2.3385218524168985,0.2652675038706348,5,58.13,0.1134328358208954,8,53.6,2022-03-08,42.71,2022-03-03,58.13,0.2652675038706348,5 days,2022-04-06,47.52,2022-03-29,53.6,0.1134328358208954,8 days,,,,,,,,,,,,,,,,,,,,,,,,,True,True,0.0038834481143881,0.0038834481143881,1.0,-0.0029972607815374,-0.0029972607815374,1.0,,,,,,,,,,,False,False,49.25,2022-04-29
1245,2022-05-02,PFIS,2022-04-04,0.1566794942275975,2021-12-17,2022-04-25,129,3,4.091419845342339,0.1566794942275975,74,54.57,0.0382936507936507,5,50.4,2022-03-01,46.02,2021-12-17,54.57,0.1566794942275975,74 days,2022-04-11,47.13,2022-03-29,53.26,0.1150957566654148,13 days,2022-04-25,48.47,2022-04-20,50.4,0.0382936507936507,5 days,,,,,,,,,,,,,,,,,,,True,True,0.0007894044466517,0.0008822198001294,0.8947933910980698,-0.0003538406750278,-0.0004979115373307,0.7106496807138067,,,,,,,,,,,False,False,49.64,2022-04-29
1260,2022-05-02,PK,2022-04-04,0.3093777388255916,2021-05-10,2022-04-25,350,5,4.613694866079955,0.3093777388255916,206,22.82,0.0670553935860057,4,20.58,2021-12-02,15.76,2021-05-10,22.82,0.3093777388255916,206 days,2022-01-28,16.53,2022-01-07,20.11,0.1780208851317751,21 days,2022-03-08,16.68,2022-02-16,20.26,0.1767028627838105,20 days,2022-04-11,16.83,2022-03-31,20.23,0.1680672268907563,11 days,2022-04-25,19.2,2022-04-21,20.58,0.0670553935860057,4 days,,,,,,,True,True,0.000676718001345,0.0011037701613143,0.6130968430413161,-0.0002712493529496,-0.0003269416741864,0.8296567074989373,,,,,,,,,,,False,False,19.71,2022-04-29
1265,2022-04-11,PLD,2022-04-04,0.1886089425124202,2021-12-31,2022-03-24,83,2,4.501042197401397,0.1886089425124202,55,169.08,0.0419023935343486,3,160.85,2022-02-24,137.19,2021-12-31,169.08,0.1886089425124202,55 days,2022-03-24,154.11,2022-03-21,160.85,0.0419023935343486,3 days,,,,,,,,,,,,,,,,,,,,,,,,,True,True,0.0044047358720439,0.0044047358720439,1.0,-0.0006084397918145,-0.0006084397918145,1.0,True,90.53084648493544,89.35,73.8,,,,,,,False,False,160.29,2022-04-29
1277,2022-05-02,PNW,2022-04-04,0.2843114332476035,2021-05-10,2022-04-18,343,4,6.0714654315869,0.2843114332476035,178,85.54,0.0468264811824619,12,80.51,2021-11-04,61.22,2021-05-10,85.54,0.2843114332476035,178 days,2022-02-24,66.15,2022-01-14,71.66,0.0768908735696343,41 days,2022-03-16,72.34,2022-03-07,76.07,0.0490337846720124,9 days,2022-04-18,76.74,2022-04-06,80.51,0.0468264811824619,12 days,,,,,,,,,,,,,True,True,0.001225152596298,0.0014374020870489,0.8523381226009596,-0.0001207826565385,-0.0002953080524957,0.4090056316370952,,,,,,,,,,,False,False,71.2,2022-04-29
1281,2022-04-26,POST,2022-04-04,0.2034358047016274,2022-01-14,2022-03-25,70,2,2.544758441861772,0.2034358047016274,53,77.42,0.0799420709630701,14,69.05,2022-03-08,61.67,2022-01-14,77.42,0.2034358047016274,53 days,2022-03-25,63.53,2022-03-11,69.05,0.0799420709630701,14 days,,,,,,,,,,,,,,,,,,,,,,,,,True,True,0.001774148933126,0.001774148933126,1.0,-0.0019305642691072,-0.0019305642691072,1.0,,,,,,,,,,,True,False,74.39,2022-04-29
1286,2022-04-26,PPL,2022-04-04,0.169811320754717,2022-01-07,2022-04-13,96,4,6.933679138919452,0.169811320754717,53,30.21,0.0244897959183673,7,29.4,2022-03-01,25.08,2022-01-07,30.21,0.169811320754717,53 days,2022-03-14,25.98,2022-03-09,27.07,0.0402659770964166,5 days,2022-04-04,28.04,2022-04-01,29.03,0.0341026524285222,3 days,2022-04-13,28.68,2022-04-06,29.4,0.0244897959183673,7 days,,,,,,,,,,,,,True,True,0.0034301031356179,0.0034455451866472,0.9955182561270044,-6.0865461455856336e-05,-0.0004139850486932,0.1470233324802029,,,,,,,,,,,False,False,28.31,2022-04-29
1287,2022-04-08,PRA,2022-04-04,0.2515060240963855,2021-05-06,2022-03-18,316,6,5.329320507482236,0.2515060240963855,89,26.56,0.047191887675507,3,25.64,2021-08-03,19.88,2021-05-06,26.56,0.2515060240963855,89 days,2021-10-19,21.86,2021-08-27,25.85,0.1543520309477757,53 days,2021-12-20,22.37,2021-11-05,26.06,0.1415963161933997,45 days,2022-01-28,22.78,2022-01-03,25.81,0.1173963580007748,25 days,2022-02-14,22.98,2022-02-09,24.72,0.070388349514563,5 days,2022-03-18,24.43,2022-03-15,25.64,0.047191887675507,3 days,True,True,0.0008028992830409,0.0008631990183951,0.9301438786777938,-8.358335870193801e-05,-0.0001474685298807,0.5667877666477283,,,,,,,,,,,False,False,24.57,2022-04-29
1289,2022-05-02,PRDO,2022-04-04,0.2565485362095532,2021-06-25,2022-04-29,308,3,3.5737309889455786,0.2565485362095532,158,12.98,0.0717863105175292,8,11.98,2021-11-30,9.65,2021-06-25,12.98,0.2565485362095532,158 days,2022-02-25,9.65,2022-01-12,12.65,0.2371541501976284,44 days,2022-04-29,11.12,2022-04-21,11.98,0.0717863105175292,8 days,,,,,,,,,,,,,,,,,,,True,True,0.0006352881699287,0.0009532473154812,0.6664463246959282,-0.0002037724316446,-0.0002377485322794,0.8570922801958538,,,,,,,,,,,False,False,11.18,2022-04-29
1293,2022-05-02,PRGS,2022-04-04,0.2254151894010077,2021-11-17,2022-04-27,161,2,2.468829170669081,0.2254151894010077,99,53.59,0.0913034904358115,6,50.71,2022-02-24,41.51,2021-11-17,53.59,0.2254151894010077,99 days,2022-04-27,46.08,2022-04-21,50.71,0.0913034904358115,6 days,,,,,,,,,,,,,,,,,,,,,,,,,True,True,0.0017757089236173,0.0017757089236173,1.0,-0.0003467185139259,-0.0003467185139259,1.0,,,,,,,,,,,False,False,47.98,2022-04-29
1305,2022-04-29,PSB,2022-04-04,0.1867219917012448,2022-01-04,2022-04-18,104,2,3.218373084960919,0.1867219917012448,51,187.98,0.0580165097081736,17,172.02,2022-02-24,152.88,2022-01-04,187.98,0.1867219917012448,51 days,2022-04-18,162.04,2022-04-01,172.02,0.0580165097081736,17 days,,,,,,,,,,,,,,,,,,,,,,,,,True,True,0.0011304957396601,0.0011304957396601,1.0,-0.0009758925197471,-0.0009758925197471,1.0,,,,,,,,,,,True,False,187.2,2022-04-29
1306,2022-05-02,PSMT,2022-04-04,0.2977777777777778,2021-06-14,2022-04-25,315,2,2.3730657252774594,0.2977777777777778,235,94.5,0.1254813137032842,17,88.3,2022-02-04,66.36,2021-06-14,94.5,0.2977777777777778,235 days,2022-04-25,77.22,2022-04-08,88.3,0.1254813137032842,17 days,,,,,,,,,,,,,,,,,,,,,,,,,True,True,0.0020456600361663,0.0020456600361663,1.0,-0.00022016263627,-0.00022016263627,1.0,,,,,,,,,,,False,False,79.45,2022-04-29
1321,2022-04-04,QLYS,2022-04-04,0.2437386315936757,2021-12-30,2022-03-15,75,2,1.7591501150672344,0.2437386315936757,56,142.94,0.1385537654552266,12,133.45,2022-02-24,108.1,2021-12-30,142.94,0.2437386315936757,56 days,2022-03-15,114.96,2022-03-03,133.45,0.1385537654552266,12 days,,,,,,,,,,,,,,,,,,,,,,,,,True,True,0.0033399873411558,0.0033399873411558,1.0,-0.0010538332211761,-0.0010538332211761,1.0,,,,,,,,,,,True,False,136.28,2022-04-29
1347,2022-04-18,REXR,2022-04-04,0.1782640767150233,2021-12-31,2022-04-12,102,3,4.095274764231646,0.1782640767150233,55,81.34,0.0435282103650752,6,78.34,2022-02-24,66.84,2021-12-31,81.34,0.1782640767150233,55 days,2022-03-08,67.4,2022-02-25,71.26,0.0541678360931798,11 days,2022-04-12,74.93,2022-04-06,78.34,0.0435282103650752,6 days,,,,,,,,,,,,,,,,,,,True,True,0.0026267655586583,0.002720010142439,0.9657190308499676,-7.249301552777187e-05,-0.0005016320665549,0.1445143170882872,,,,,,,,,,,False,False,78.04,2022-04-29
1356,2022-04-04,RHP,2022-04-04,0.234770917364774,2021-11-08,2022-03-24,136,4,4.409134076486869,0.234770917364774,24,96.69,0.0532454908737445,8,92.59,2021-12-02,73.99,2021-11-08,96.69,0.234770917364774,24 days,2022-01-28,79.43,2022-01-04,95.69,0.1699237119866233,24 days,2022-03-08,81.25,2022-02-18,94.77,0.1426611796982166,18 days,2022-03-24,87.66,2022-03-16,92.59,0.0532454908737445,8 days,,,,,,,,,,,,,True,True,0.0012636409553947,0.0014345773244622,0.8808454823921729,-0.0002597811269476,-0.0002999902944316,0.8659651054373562,,,,,,,,,,,True,False,93.48,2022-04-29
1364,2022-04-26,RLI,2022-04-08,0.1563681111013447,2021-12-16,2022-04-13,118,2,2.607928612387508,0.1563681111013447,70,113.77,0.0599577390385631,12,113.58,2022-02-24,95.98,2021-12-16,113.77,0.1563681111013447,70 days,2022-04-13,106.77,2022-04-01,113.58,0.0599577390385631,12 days,,,,,,,,,,,,,,,,,,,,,,,,,True,True,0.002342067791901,0.002342067791901,1.0,-1.575505695867666e-05,-1.575505695867666e-05,1.0,,,,,,,,,,,True,True,114.78,2022-04-29
1375,2022-04-18,ROCC,2022-04-04,0.2557430848570088,2022-03-08,2022-04-11,34,3,2.3305605758119667,0.2557430848570088,7,42.66,0.1097335795304668,7,37.91,2022-03-15,31.75,2022-03-08,42.66,0.2557430848570088,7 days,2022-03-29,33.03,2022-03-25,37.42,0.1173169428113308,4 days,2022-04-11,33.75,2022-04-04,37.91,0.1097335795304668,7 days,,,,,,,,,,,,,,,,,,,True,True,0.0022951848320737,0.0023400365630713,0.9808328930815212,-0.0035769994770863,-0.0044540305800241,0.803092707339913,,,,,,,,,,,False,False,31.85,2022-04-29
1387,2022-05-02,RSG,2022-04-04,0.2195021033032204,2021-10-29,2022-04-25,178,3,4.740865622822795,0.2195021033032204,118,145.01,0.0462990052662376,14,136.72,2022-02-24,113.18,2021-10-29,145.01,0.2195021033032204,118 days,2022-03-08,122.59,2022-03-04,129.72,0.0549645390070921,4 days,2022-04-25,130.39,2022-04-11,136.72,0.0462990052662376,14 days,,,,,,,,,,,,,,,,,,,True,True,0.0019034910887138,0.0022204411009853,0.8572580861834991,-0.0002764213944988,-0.0004710249576693,0.5868508451582218,,,,,,,,,,,False,False,134.27,2022-04-29
1402,2022-05-02,SANM,2022-04-04,0.1895484758193903,2021-11-08,2022-04-25,168,3,2.9475394510049,0.1895484758193903,81,43.63,0.0643063583815028,4,41.52,2022-01-28,35.36,2021-11-08,43.63,0.1895484758193903,81 days,2022-04-12,36.35,2022-03-21,43.27,0.1599260457591865,22 days,2022-04-25,38.85,2022-04-21,41.52,0.0643063583815028,4 days,,,,,,,,,,,,,,,,,,,True,True,0.000572533388779,0.0008761746248836,0.6534466675008224,-0.0001301099793961,-0.000225531561692,0.5769036423109046,,,,,,,,,,,False,False,40.89,2022-04-29
1419,2022-04-18,SCI,2022-04-04,0.2014841781013722,2021-12-28,2022-04-04,97,3,5.621335334833345,0.2014841781013722,58,71.42,0.0358417608566329,3,67.24,2022-02-24,57.03,2021-12-28,71.42,0.2014841781013722,58 days,2022-03-08,59.41,2022-03-03,62.67,0.0520185096537418,5 days,2022-04-04,64.83,2022-04-01,67.24,0.0358417608566329,3 days,,,,,,,,,,,,,,,,,,,True,True,0.0035090955982159,0.0035091235013713,0.9999920483974368,-0.0003593472502372,-0.0008350851044723,0.4303121302400123,,,,,,,,,,,False,False,65.61,2022-04-29
1425,2022-05-02,SEB,2022-04-04,0.1864445344461179,2021-10-12,2022-04-26,196,3,4.927007674623254,0.1864445344461179,129,4394.98,0.0378403322565759,5,4334.0,2022-02-18,3575.56,2021-10-12,4394.98,0.1864445344461179,129 days,2022-03-07,3652.4,2022-03-03,3889.0,0.0608382617639495,4 days,2022-04-26,4170.0,2022-04-21,4334.0,0.0378403322565759,5 days,,,,,,,,,,,,,,,,,,,True,True,0.0025335903176831,0.0025751816234676,0.9838491757608628,-3.3473224283693874e-05,-0.0002377260741407,0.1408058598733089,,,,,,,,,,,False,False,4224.99,2022-04-29
1428,2022-04-18,SENEA,2022-04-04,0.2667255075022066,2021-07-21,2022-04-07,260,5,4.79026839981786,0.2667255075022066,132,56.65,0.0556797020484172,6,53.7,2021-11-30,41.54,2021-07-21,56.65,0.2667255075022066,132 days,2022-01-28,44.19,2022-01-05,50.78,0.1297755021662072,23 days,2022-03-11,48.39,2022-03-07,53.0,0.0869811320754716,4 days,2022-03-24,50.15,2022-03-17,53.49,0.0624415778650215,7 days,2022-04-07,50.71,2022-04-01,53.7,0.0556797020484172,6 days,,,,,,,True,True,0.0017522701769088,0.0018157937253594,0.9650160987102028,-8.400256593034561e-05,-0.0002189978073669,0.3835772007962843,,,,,,,,,,,True,False,54.25,2022-04-29
1440,2022-05-02,SHO,2022-04-04,0.2861250898634077,2021-11-05,2022-04-27,173,3,6.349828177974824,0.2861250898634077,111,13.91,0.0450592885375494,6,12.65,2022-02-24,9.93,2021-11-05,13.91,0.2861250898634077,111 days,2022-04-11,10.72,2022-03-30,12.18,0.1198686371100163,12 days,2022-04-27,12.08,2022-04-21,12.65,0.0450592885375494,6 days,,,,,,,,,,,,,,,,,,,True,True,0.0025753051305171,0.0031008565751768,0.8305141073383229,-0.0005626180211013,-0.0006562550127256,0.8573161502638971,,,,,,,,,,,False,False,12.25,2022-04-29
1446,2022-04-04,SIGI,2022-04-04,0.183913091188412,2021-11-12,2022-02-14,94,3,3.07397930847633,0.183913091188412,19,91.13,0.0598279945157671,6,80.23,2021-12-01,74.37,2021-11-12,91.13,0.183913091188412,19 days,2022-01-28,75.37,2021-12-16,84.13,0.1041245691192201,43 days,2022-02-14,75.43,2022-02-08,80.23,0.0598279945157671,6 days,,,,,,,,,,,,,,,,,,,True,True,0.0001951742892276,0.0002007522091945,0.9722149011994312,-0.0011981798086055,-0.0013074018895086,0.9164586790186192,,,,,,,,,,,True,False,82.36,2022-04-29
1463,2022-04-18,SM,2022-04-04,0.2307164110780498,2022-03-08,2022-04-11,34,3,3.3679178044246503,0.2307164110780498,7,43.69,0.068503169185763,3,41.02,2022-03-15,33.61,2022-03-08,43.69,0.2307164110780498,7 days,2022-04-06,37.84,2022-03-30,42.52,0.110065851364064,7 days,2022-04-11,38.21,2022-04-08,41.02,0.068503169185763,3 days,,,,,,,,,,,,,,,,,,,True,True,0.0052107921187632,0.0052659052641748,0.9895339656437422,-0.0016610227973707,-0.0018300326949042,0.9076465147294488,,,,,,,,,,,False,False,35.53,2022-04-29
1473,2022-05-02,SON,2022-04-07,0.2045088566827697,2021-05-11,2022-04-27,351,2,1.9732707340447644,0.2045088566827697,301,68.31,0.1036385326573218,6,67.06,2022-03-08,54.34,2021-05-11,68.31,0.2045088566827697,301 days,2022-04-27,60.11,2022-04-21,67.06,0.1036385326573218,6 days,,,,,,,,,,,,,,,,,,,,,,,,,True,True,0.0021236658078763,0.0021236658078763,1.0,-5.3040380702636415e-05,-5.3040380702636415e-05,1.0,,,,,,,,,,,False,False,61.91,2022-04-29
1510,2022-05-02,STRA,2022-04-04,0.4138186304750154,2021-07-28,2022-04-28,274,2,2.976618806703623,0.4138186304750154,211,81.05,0.1390220517737297,7,73.01,2022-02-24,47.51,2021-07-28,81.05,0.4138186304750154,211 days,2022-04-28,62.86,2022-04-21,73.01,0.1390220517737297,7 days,,,,,,,,,,,,,,,,,,,,,,,,,True,True,0.005128410727232,0.005128410727232,1.0,-0.0003715281869285,-0.0003715281869285,1.0,,,,,,,,,,,False,False,64.6,2022-04-29
1514,2022-04-26,STZ,2022-04-04,0.1928221479119682,2022-01-06,2022-03-10,63,2,4.449014694556039,0.1928221479119682,49,257.18,0.0433394160583942,7,219.2,2022-02-24,207.59,2022-01-06,257.18,0.1928221479119682,49 days,2022-03-10,209.7,2022-03-03,219.2,0.0433394160583942,7 days,,,,,,,,,,,,,,,,,,,,,,,,,True,True,0.0007260190072464,0.0007260190072464,1.0,-0.0026371190827991,-0.0026371190827991,1.0,,,,,,,,,,,True,False,246.09,2022-04-29
1530,2022-04-18,SYY,2022-04-04,0.1568034073077784,2022-03-02,2022-04-06,35,3,4.826869120902848,0.1568034073077784,6,89.22,0.0324845311756306,7,84.04,2022-03-08,75.23,2022-03-02,89.22,0.1568034073077784,6 days,2022-03-14,75.96,2022-03-11,81.37,0.066486420056532,3 days,2022-04-06,81.31,2022-03-30,84.04,0.0324845311756306,7 days,,,,,,,,,,,,,,,,,,,True,True,0.0028499844405807,0.0028717055274209,0.9924361719428187,-0.0003501938318398,-0.0015080854810935,0.2322108635287281,,,,,,,,,,,True,False,85.48,2022-04-29
1533,2022-05-02,TAP,2022-04-04,0.3049044056525353,2021-06-10,2022-04-25,319,5,3.560275115230237,0.3049044056525353,140,60.15,0.0856396866840731,4,57.45,2021-10-28,41.81,2021-06-10,60.15,0.3049044056525353,140 days,2021-12-20,42.28,2021-11-16,48.92,0.1357318070318888,34 days,2022-01-28,46.85,2022-01-18,51.76,0.0948608964451312,10 days,2022-04-07,49.77,2022-03-29,54.66,0.0894621295279911,9 days,2022-04-25,52.53,2022-04-21,57.45,0.0856396866840731,4 days,,,,,,,True,True,0.0013532216453184,0.001447135418828,0.9351036728921852,-1.1486429949725992e-05,-0.0001579735475459,0.0727110970675728,,,,,,,,,,,False,False,54.14,2022-04-29
1559,2022-05-02,TGT,2022-04-04,0.3106807028059791,2021-11-15,2022-04-11,147,4,10.243013330062936,0.3106807028059791,101,266.93,0.0303299868683017,3,236.07,2022-02-24,184.0,2021-11-15,266.93,0.3106807028059791,101 days,2022-03-14,204.95,2022-03-03,229.19,0.1057637767790916,11 days,2022-04-04,206.19,2022-03-21,228.46,0.0974787709008141,14 days,2022-04-11,228.91,2022-04-08,236.07,0.0303299868683017,3 days,,,,,,,,,,,,,True,True,0.0035448694079258,0.0043232527718948,0.8199542323712312,-0.0008227528861068,-0.0009694324703817,0.8486954081317915,,,,,,,,,,,False,False,228.65,2022-04-29
1575,2022-05-02,TMUS,2022-04-04,0.3241677762982689,2021-07-16,2022-04-29,287,2,3.5246016586320867,0.3241677762982689,189,150.2,0.0919718830928598,15,135.15,2022-01-21,101.51,2021-07-16,150.2,0.3241677762982689,189 days,2022-04-29,122.72,2022-04-14,135.15,0.0919718830928598,15 days,,,,,,,,,,,,,,,,,,,,,,,,,True,True,0.0021320911381003,0.0021320911381003,1.0,-0.0003683813738544,-0.0003683813738544,1.0,,,,,,,,,,,False,False,123.14,2022-04-29
1576,2022-05-02,TMX,2022-04-04,0.3193324582786424,2021-07-29,2022-04-26,271,3,5.199841101062528,0.3193324582786424,125,53.33,0.0614109647258818,28,47.06,2021-12-01,36.3,2021-07-29,53.33,0.3193324582786424,125 days,2022-03-08,38.93,2021-12-14,48.69,0.2004518381597864,84 days,2022-04-26,44.17,2022-03-29,47.06,0.0614109647258818,28 days,,,,,,,,,,,,,,,,,,,True,True,0.0011942638728509,0.001381227599304,0.8646394507702433,-0.000473405418092,-0.0004913203459785,0.9635371748124738,,,,,,,,,,,False,False,45.89,2022-04-29
1618,2022-05-02,TTMI,2022-04-04,0.3857772183763374,2022-01-05,2022-04-27,112,2,3.586265987396216,0.3857772183763374,36,15.89,0.1075697211155378,30,15.06,2022-02-10,9.76,2022-01-05,15.89,0.3857772183763374,36 days,2022-04-27,13.44,2022-03-28,15.06,0.1075697211155378,30 days,,,,,,,,,,,,,,,,,,,,,,,,,True,True,0.0049611734253666,0.0049611734253666,1.0,-0.0006370013354003,-0.0006370013354003,1.0,,,,,,,,,,,False,False,13.95,2022-04-29
1622,2022-05-02,TWI,2022-04-27,0.1915028535193405,2022-03-25,2022-04-26,32,2,1.3897279124677002,0.1915028535193405,17,15.77,0.137797810688989,6,15.53,2022-04-11,12.75,2022-03-25,15.77,0.1915028535193405,17 days,2022-04-26,13.39,2022-04-20,15.53,0.137797810688989,6 days,,,,,,,,,,,,,,,,,,,,,,,,,True,True,0.0033464052287581,0.0033464052287581,1.0,-0.0005853373006194,-0.0005853373006194,1.0,,,,,,,,,,,False,False,13.86,2022-04-29
1638,2022-04-18,UE,2022-04-04,0.1500757958564931,2022-01-13,2022-04-06,83,3,2.1085353068626635,0.1500757958564931,32,19.79,0.0711743772241993,6,19.67,2022-02-14,16.82,2022-01-13,19.79,0.1500757958564931,32 days,2022-02-24,17.03,2022-02-16,18.73,0.0907634810464494,8 days,2022-04-06,18.27,2022-03-31,19.67,0.0711743772241993,6 days,,,,,,,,,,,,,,,,,,,True,True,0.0017169919381916,0.001721587230433,0.9973307816414456,-3.594809563470197e-08,-2.748808764695392e-05,0.0013077699728116,,,,,,,,,,,False,False,18.69,2022-04-29
1641,2022-05-02,UFCS,2022-04-04,0.3979121891311022,2021-05-17,2022-04-25,343,5,5.290314928986333,0.3979121891311022,165,32.57,0.0752142177086639,4,31.51,2021-10-29,19.61,2021-05-17,32.57,0.3979121891311022,165 days,2021-12-20,21.52,2021-12-16,25.43,0.1537554069996067,4 days,2022-03-07,26.31,2022-02-18,29.82,0.1177062374245473,17 days,2022-04-18,29.0,2022-04-04,32.11,0.0968545624416069,14 days,2022-04-25,29.14,2022-04-21,31.51,0.0752142177086639,4 days,,,,,,,True,True,0.0028305646723258,0.0028523624543267,0.9923579901397496,-6.905770078143511e-07,-6.625528042805242e-05,0.0104229731329,,,,,,,,,,,False,False,29.29,2022-04-29
1650,2022-04-18,ULTA,2022-04-04,0.2039154416116279,2022-01-04,2022-04-06,92,5,2.958649242499669,0.2039154416116279,20,422.43,0.0689208034643897,8,408.73,2022-01-24,336.29,2022-01-04,422.43,0.2039154416116279,20 days,2022-02-24,341.47,2022-02-16,383.29,0.10910798612017,8 days,2022-03-08,350.1,2022-03-02,384.0,0.0882812499999999,6 days,2022-03-14,355.28,2022-03-11,389.0,0.0866838046272494,3 days,2022-04-06,380.56,2022-03-29,408.73,0.0689208034643897,8 days,,,,,,,True,True,0.0014869652497043,0.0017741663701036,0.8381205250877648,-0.0001207017836683,-0.0005878056320978,0.2053430200006375,,,,,,,,,,,False,False,396.8,2022-04-29
1661,2022-05-02,USFD,2022-04-04,0.26708984375,2021-05-10,2022-04-27,352,4,4.703072566062189,0.26708984375,206,40.96,0.0567895002523978,6,39.62,2021-12-02,30.02,2021-05-10,40.96,0.26708984375,206 days,2022-03-08,30.08,2022-02-17,39.73,0.242889504153033,19 days,2022-04-08,34.94,2022-03-29,38.7,0.0971576227390181,10 days,2022-04-27,37.37,2022-04-21,39.62,0.0567895002523978,6 days,,,,,,,,,,,,,True,True,0.0009439779803515,0.0014945763828148,0.6316023665338761,-9.474110678565e-05,-0.0001234490689629,0.767450962421744,,,,,,,,,,,False,False,37.62,2022-04-29
1664,2022-05-02,USPH,2022-04-04,0.3108706345302509,2021-08-06,2022-04-28,265,3,4.219124235190554,0.3108706345302509,117,121.98,0.0736803180179347,7,108.17,2021-12-01,84.06,2021-08-06,121.98,0.3108706345302509,117 days,2022-02-28,88.5,2022-02-15,102.57,0.1371746124597834,13 days,2022-04-28,100.2,2022-04-21,108.17,0.0736803180179347,7 days,,,,,,,,,,,,,,,,,,,True,True,0.0010781497453307,0.0012409104802126,0.868837649873017,-0.0003929129493656,-0.0005270040633319,0.7455596203214312,,,,,,,,,,,False,False,103.77,2022-04-29
1666,2022-05-02,UTL,2022-04-04,0.2904080551139374,2021-06-15,2022-04-25,314,3,3.77454906758524,0.2904080551139374,140,56.61,0.0769374766005241,4,53.42,2021-11-02,40.17,2021-06-15,56.61,0.2904080551139374,140 days,2022-03-10,47.39,2022-03-07,55.46,0.1455102776776055,3 days,2022-04-25,49.31,2022-04-21,53.42,0.0769374766005241,4 days,,,,,,,,,,,,,,,,,,,True,True,0.0013240596025581,0.0013284323975082,0.9967083044961108,-0.0001058414718052,-0.0001453732773287,0.7280669030103892,,,,,,,,,,,False,False,51.0,2022-04-29
1671,2022-04-07,UVV,2022-04-04,0.2224696009590683,2021-05-24,2022-03-16,296,3,3.4068094306213155,0.2224696009590683,119,58.39,0.0653004515456755,9,57.58,2021-09-20,45.4,2021-05-24,58.39,0.2224696009590683,119 days,2022-02-10,49.79,2022-01-18,57.62,0.1358903158625477,23 days,2022-03-16,53.82,2022-03-07,57.58,0.0653004515456755,9 days,,,,,,,,,,,,,,,,,,,True,True,0.0008472458962486,0.0009383849125392,0.9028767246012483,-4.989588126885265e-05,-5.053777363045375e-05,0.9872987606004412,,,,,,,,,,,True,False,57.85,2022-04-29
1689,2022-04-27,VMI,2022-04-04,0.2282757571145943,2021-05-10,2022-04-18,343,4,8.93225924693138,0.2282757571145943,263,262.84,0.0255553291216628,6,245.35,2022-01-28,202.84,2021-05-10,262.84,0.2282757571145943,263 days,2022-02-24,205.2,2022-02-17,226.57,0.0943196363154875,7 days,2022-04-07,227.96,2022-03-22,251.21,0.0925520480872577,16 days,2022-04-18,239.08,2022-04-12,245.35,0.0255553291216628,6 days,,,,,,,,,,,,,True,True,0.0020795134271931,0.0022503889059008,0.9240684673392952,-9.282873261716377e-05,-0.0002314914553443,0.4010028468614125,,,,,,,,,,,True,False,248.81,2022-04-29
1716,2022-05-02,WABC,2022-04-04,0.1741183879093198,2021-05-10,2022-04-18,343,4,2.07988651937594,0.1741183879093198,127,63.52,0.0837143307583162,33,63.43,2021-09-14,52.46,2021-05-10,63.52,0.1741183879093198,127 days,2021-11-30,52.88,2021-11-22,57.81,0.0852793634319322,8 days,2022-02-24,55.68,2022-02-16,60.82,0.0845116737915159,8 days,2022-04-18,58.12,2022-03-16,63.43,0.0837143307583162,33 days,,,,,,,,,,,,,True,True,0.0004590349070443,0.0005048345718931,0.9092778755681414,-2.669647631984728e-06,-6.263603445815053e-05,0.0426215940245773,,,,,,,,,,,False,False,58.92,2022-04-29
1731,2022-05-02,WEX,2022-04-04,0.4096842307323159,2021-07-29,2022-04-27,272,2,3.113440666760987,0.4096842307323159,139,208.38,0.1315846875340822,36,183.38,2021-12-15,123.01,2021-07-29,208.38,0.4096842307323159,139 days,2022-04-27,159.25,2022-03-22,183.38,0.1315846875340822,36 days,,,,,,,,,,,,,,,,,,,,,,,,,True,True,0.0022151142428056,0.0022151142428056,1.0,-0.0005083607034736,-0.0005083607034736,1.0,,,,,,,,,,,False,False,166.24,2022-04-29
1744,2022-05-02,WM,2022-04-04,0.1732670301360014,2021-12-31,2022-04-25,115,2,2.262674148310895,0.1732670301360014,55,166.91,0.0765752185709978,14,165.85,2022-02-24,137.99,2021-12-31,166.91,0.1732670301360014,55 days,2022-04-25,153.15,2022-04-11,165.85,0.0765752185709978,14 days,,,,,,,,,,,,,,,,,,,,,,,,,True,True,0.0018310505592192,0.0018310505592192,1.0,-6.287849442783859e-05,-6.287849442783859e-05,1.0,,,,,,,,,,,False,False,164.44,2022-04-29
1752,2022-05-02,WRK,2022-04-05,0.3301576872536137,2021-05-17,2022-04-25,343,2,3.754077912575427,0.3301576872536137,295,60.88,0.087945413191812,4,52.76,2022-03-08,40.78,2021-05-17,60.88,0.3301576872536137,295 days,2022-04-25,48.12,2022-04-21,52.76,0.087945413191812,4 days,,,,,,,,,,,,,,,,,,,,,,,,,True,True,0.0037497956514631,0.0037497956514631,1.0,-0.0003934428771334,-0.0003934428771334,1.0,,,,,,,,,,,False,False,49.53,2022-04-29
1771,2022-05-02,WWE,2022-04-04,0.3368991584652688,2021-06-09,2022-04-18,313,5,4.596049801175466,0.3368991584652688,71,70.11,0.0733008946790143,20,63.71,2021-08-19,46.49,2021-06-09,70.11,0.3368991584652688,71 days,2021-12-17,46.81,2021-11-03,62.01,0.2451217545557167,44 days,2022-01-28,47.61,2022-01-18,53.55,0.1109243697478991,10 days,2022-03-15,54.66,2022-03-02,60.71,0.0996540932301104,13 days,2022-04-18,59.04,2022-03-29,63.71,0.0733008946790143,20 days,,,,,,,True,True,0.0006797204881678,0.0010430382030485,0.6516736263170722,-0.0001736180003494,-0.0004489500583498,0.3867200752521557,,,,,,,,,,,False,False,58.39,2022-04-29
1776,2022-05-02,XHR,2022-04-04,0.2799429657794676,2021-06-16,2022-04-25,313,4,4.523449750661148,0.2799429657794676,169,21.04,0.06188605108055,4,20.36,2021-12-02,15.15,2021-06-16,21.04,0.2799429657794676,169 days,2022-01-28,15.68,2022-01-04,19.01,0.1751709626512363,24 days,2022-04-11,17.24,2022-03-29,19.9,0.1336683417085427,13 days,2022-04-25,19.1,2022-04-21,20.36,0.06188605108055,4 days,,,,,,,,,,,,,True,True,0.0013401903959902,0.0015996564364934,0.8377988956978832,-3.569309601507396e-05,-0.0001436048141758,0.2485508318082213,,,,,,,,,,,False,False,19.29,2022-04-29
1778,2022-05-02,XOM,2022-04-04,0.1666666666666666,2022-03-08,2022-04-25,48,2,1.4240284290117748,0.1666666666666666,8,91.5,0.1170378619153673,4,89.8,2022-03-16,76.25,2022-03-08,91.5,0.1666666666666666,8 days,2022-04-25,79.29,2022-04-21,89.8,0.1170378619153673,4 days,,,,,,,,,,,,,,,,,,,,,,,,,True,True,0.0009967213114754,0.0009967213114754,1.0,-0.0004222553402881,-0.0004222553402881,1.0,,,,,,,,,,,False,False,85.25,2022-04-29
1795,2022-05-02,ZEN,2022-04-04,0.4271003063286189,2021-07-29,2022-04-26,271,3,4.291626083220639,0.4271003063286189,179,153.43,0.0995184590690209,7,130.83,2022-01-24,87.9,2021-07-29,153.43,0.4271003063286189,179 days,2022-03-16,107.53,2022-03-02,125.1,0.1404476418864907,14 days,2022-04-26,117.81,2022-04-19,130.83,0.0995184590690209,7 days,,,,,,,,,,,,,,,,,,,True,True,0.003676024734003,0.0037258381893036,0.986630268742324,-0.0005665351869053,-0.0006487441328145,0.8732798621970053,,,,,,,,,,,False,False,122.04,2022-04-29
