,MM_Stage2Filtered,RSSCORE,RSSCORE_D1,RSSCORE_D5,RSSCORE_D10,RSSCORE_D15,RSSCORE_D20,SCTRSCORE,SCTRSCORE_D1,SCTRSCORE_D5,SCTRSCORE_D10,SCTRSCORE_D15,SCTRSCORE_D20,MRSQUARE,MRSQUARE_D1,MRSQUARE_D5,MRSQUARE_D10,MRSQUARE_D15,MRSQUARE_D20,RSSCORE_SECTOR_RANK,SCTRSCORE_SECTOR_RANK,MRSQUARE_SECTOR_RANK,TR.GICSINDUSTRY,TR.GICSINDUSTRYGROUP,TR.GICSSECTOR,RSSCORE_SECTOR_MEDIAN,SCTRSCORE_SECTOR_MEDIAN,MRSQUARE_SECTOR_MEDIAN,RSSCORE_SECTOR_BEST,SCTRSCORE_SECTOR_BEST,MRSQUARE_SECTOR_BEST
ABM,False,78.25670498084291,4.549808429118784,-10.0095785440613,3.35249042145594,12.356321839080463,20.06704980842912,86.27,4.009999999999991,-9.14,3.299999999999997,10.799999999999995,26.919999999999995,90.9,0.7000000000000028,3.4000000000000057,8.800000000000011,10.900000000000006,8.200000000000017,60.0,30.0,26.0,Commercial Services & Supplies,Commercial  & Professional Services,Industrials,51.053639846743295,49.88,47.7,CAR,CNR,AVAV
ACHC,False,89.51149425287356,0.3352490421455911,2.586206896551729,-3.0172413793103487,0.6704980842911823,10.105363984674328,88.67,0.2399999999999948,1.2999999999999972,-5.539999999999992,-4.730000000000004,10.760000000000003,97.3,0.0999999999999943,0.5,2.1000000000000085,4.399999999999992,9.099999999999994,26.0,28.0,9.0,Health Care Providers & Services,Health Care Equipment & Services,Health Care,37.78735632183909,25.44,56.39999999999999,LNTH,LNTH,LNTH
ACRE,False,76.0536398467433,1.2452107279693507,-1.1494252873563229,-5.316091954022994,7.567049808429118,4.501915708812263,77.28,1.2900000000000065,0.7600000000000051,-4.159999999999997,11.040000000000006,6.359999999999999,83.5,0.0,2.5999999999999943,5.299999999999997,8.599999999999994,8.299999999999997,43.0,41.0,20.0,Mortgage Real Estate Investment Trusts (REITs),Diversified Financials,Financials,45.54597701149425,47.06,29.6,AMRK,BRK.B,FHN
AKAM,False,66.85823754789271,0.143678160919535,-2.490421455938701,-5.124521072796938,-7.231800766283527,-6.848659003831415,73.89,-0.0900000000000034,-3.819999999999993,-2.5799999999999983,-6.840000000000003,-6.260000000000005,75.2,0.7999999999999972,4.400000000000006,6.400000000000006,7.099999999999994,10.299999999999995,68.0,50.0,42.0,IT Services,Software & Services,Information Technology,44.6360153256705,36.585,45.1,POLY,MGI,POLY
ALKS,False,89.75095785440614,0.6704980842911965,13.457854406130268,5.459770114942543,2.3946360153256734,17.911877394636022,85.99,-0.1900000000000119,9.759999999999993,5.929999999999993,4.309999999999988,37.59,93.0,1.3999999999999917,8.200000000000003,11.799999999999995,14.399999999999991,14.5,25.0,31.0,24.5,Biotechnology,"Pharmaceuticals, Biotechnology & Life Sciences",Health Care,37.78735632183909,25.44,56.39999999999999,LNTH,LNTH,LNTH
AMGN,False,76.81992337164752,4.022988505747136,-3.975095785440601,-5.555555555555543,-1.7720306513409838,6.273946360153261,82.07,2.7299999999999898,-7.890000000000001,-7.170000000000002,-7.460000000000008,0.4299999999999926,85.1,-0.2000000000000028,3.200000000000003,6.499999999999986,8.199999999999989,6.899999999999992,56.0,36.0,52.0,Biotechnology,"Pharmaceuticals, Biotechnology & Life Sciences",Health Care,37.78735632183909,25.44,56.39999999999999,LNTH,LNTH,LNTH
AMH,False,70.11494252873564,-3.3045977011494188,-10.249042145593862,1.628352490421463,2.2988505747126595,11.97318007662836,74.56,-1.6700000000000017,-8.319999999999993,-1.5300000000000011,0.960000000000008,9.420000000000002,79.5,1.0,4.799999999999997,15.799999999999995,25.2,35.3,74.0,48.0,41.0,Equity Real Estate Investment Trusts (REITs),Real Estate,Real Estate,69.15708812260536,68.24,71.15,APTS,APTS,FPI
ARMK,False,72.98850574712644,-2.250957854406124,-3.735632183908052,8.2375478927203,19.252873563218397,10.105363984674328,72.26,-2.6299999999999955,-6.599999999999994,6.840000000000003,17.410000000000004,5.930000000000007,65.0,-0.6000000000000085,-0.4000000000000057,-1.4000000000000057,-5.199999999999989,-6.399999999999992,38.0,43.0,48.5,"Hotels, Restaurants & Leisure",Consumer Services,Consumer Discretionary,31.369731800766285,38.16,37.05,DDS,MUSA,TEN
ASH,False,88.45785440613027,-0.3831417624521123,5.890804597701148,4.070881226053643,21.408045977011497,25.239463601532563,90.44,-0.4699999999999988,6.939999999999998,5.310000000000002,16.739999999999995,19.129999999999995,79.4,2.9000000000000057,11.200000000000005,22.70000000000001,35.50000000000001,45.400000000000006,27.0,25.0,33.0,Chemicals,Materials,Materials,63.793103448275865,67.0,59.0,IPI,CF,IPI
ATEN,False,86.87739463601532,0.5747126436781684,9.386973180076623,25.095785440613028,14.798850574712644,9.003831417624511,72.02,-7.13000000000001,-6.510000000000005,24.629999999999995,14.249999999999991,14.15,61.2,2.699999999999996,15.299999999999995,18.599999999999994,16.299999999999997,21.099999999999994,24.0,55.0,75.0,Software,Software & Services,Information Technology,44.6360153256705,36.585,45.1,POLY,MGI,POLY
AVGO,False,81.99233716475096,-1.4846743295019138,-3.879310344827573,1.1973180076628438,-4.310344827586192,-4.837164750957854,71.4,-5.409999999999997,-4.969999999999999,-0.0999999999999943,-13.059999999999988,-18.64999999999999,62.1,-1.0,-5.600000000000001,-11.499999999999991,-11.6,-3.3999999999999986,39.0,57.0,73.0,Semiconductors & Semiconductor Equipment,Semiconductors & Semiconductor Equipment,Information Technology,44.6360153256705,36.585,45.1,POLY,MGI,POLY
AVNW,False,60.009578544061306,2.825670498084285,-1.3409961685823717,-10.29693486590039,20.067049808429125,9.81800766283525,68.44,-3.730000000000004,-10.370000000000005,-20.90000000000001,15.5,18.22,73.1,1.7999999999999972,7.499999999999986,16.0,27.39999999999999,33.89999999999999,85.0,63.0,46.0,Communications Equipment,Technology Hardware & Equipment,Information Technology,44.6360153256705,36.585,45.1,POLY,MGI,POLY
AZO,False,81.75287356321839,-1.0536398467433088,-9.6264367816092,-7.758620689655174,-7.375478927203076,-3.0172413793103487,87.57,2.8699999999999903,-3.390000000000001,-0.5200000000000102,-3.1500000000000057,3.2099999999999937,79.5,0.8999999999999915,6.700000000000003,12.599999999999994,21.0,27.7,23.0,14.0,25.0,Specialty Retail,Retailing,Consumer Discretionary,31.369731800766285,38.16,37.05,DDS,MUSA,TEN
AZPN,False,86.54214559386973,3.0172413793103345,5.890804597701148,8.955938697318004,6.082375478927204,12.021072796934874,80.44,-0.5700000000000074,8.230000000000004,1.8700000000000043,-2.9200000000000017,-8.460000000000008,83.1,0.9000000000000057,4.099999999999994,8.399999999999991,10.700000000000005,17.999999999999986,25.0,31.0,29.0,Software,Software & Services,Information Technology,44.6360153256705,36.585,45.1,POLY,MGI,POLY
BAH,False,70.64176245210729,0.8620689655172526,-1.7241379310344769,0.9099616858237596,-1.3888888888888855,5.363984674329501,62.6,0.6700000000000017,-16.979999999999997,-10.809999999999995,-17.740000000000002,-12.29,89.9,0.2999999999999971,6.800000000000011,16.60000000000001,21.10000000000001,25.3,93.0,119.0,30.0,Professional Services,Commercial  & Professional Services,Industrials,51.053639846743295,49.88,47.7,CAR,CNR,AVAV
BBSI,False,73.89846743295018,0.6704980842911823,5.938697318007655,9.051724137931018,2.8735632183907853,-2.969348659003842,66.04,4.590000000000003,3.870000000000005,9.990000000000007,5.690000000000005,-5.739999999999995,92.6,0.5,3.4000000000000057,5.300000000000011,5.700000000000003,9.100000000000009,82.0,104.0,22.0,Professional Services,Commercial  & Professional Services,Industrials,51.053639846743295,49.88,47.7,CAR,CNR,AVAV
BFS,False,86.82950191570882,-1.1973180076628296,0.3352490421456053,0.6226053639846896,3.113026819923377,6.369731800766289,85.65,-2.7299999999999898,-5.599999999999994,-2.6799999999999926,-1.5300000000000011,-0.769999999999996,89.2,1.7999999999999972,11.099999999999994,21.89999999999999,32.10000000000001,46.400000000000006,25.0,24.0,13.0,Equity Real Estate Investment Trusts (REITs),Real Estate,Real Estate,69.15708812260536,68.24,71.15,APTS,APTS,FPI
CASY,False,68.72605363984674,-1.4367816091954069,-4.5498084291187695,-3.687739463601531,-0.9099616858237596,13.122605363984675,80.97,0.289999999999992,-5.829999999999998,-1.1899999999999975,-2.239999999999995,13.299999999999995,86.3,1.5,7.5,11.700000000000005,20.099999999999994,26.1,51.0,48.0,20.0,Food & Staples Retailing,Food & Staples Retailing,Consumer Staples,74.37739463601532,82.26,63.8,VERU,VERU,VERU
CC,False,72.22222222222221,4.789272030651333,3.065134099616856,0.9578544061302524,13.170498084291175,22.796934865900376,90.1,4.209999999999994,0.8599999999999994,2.819999999999993,13.099999999999994,16.64,69.8,3.299999999999997,12.1,26.2,36.49999999999999,45.7,42.0,26.0,43.0,Chemicals,Materials,Materials,63.793103448275865,67.0,59.0,IPI,CF,IPI
CDK,False,93.39080459770116,1.0057471264367877,3.735632183908038,6.465517241379317,5.651340996168585,23.419540229885055,96.37,0.7700000000000102,0.8200000000000074,3.930000000000007,2.8700000000000045,18.90000000000001,96.0,0.4000000000000057,2.799999999999997,5.299999999999997,7.200000000000003,5.5,8.0,3.0,6.5,Software,Software & Services,Information Technology,44.6360153256705,36.585,45.1,POLY,MGI,POLY
CHE,False,74.90421455938697,2.5383141762452084,4.932950191570882,4.214559386973178,-3.927203065134094,2.6819923371647576,77.76,1.9100000000000108,2.680000000000007,5.740000000000009,-10.519999999999996,-3.489999999999995,78.8,1.1999999999999886,2.5999999999999943,2.799999999999997,8.400000000000006,19.1,59.0,48.0,78.0,Health Care Providers & Services,Health Care Equipment & Services,Health Care,37.78735632183909,25.44,56.39999999999999,LNTH,LNTH,LNTH
CHEF,False,92.09770114942528,1.4846743295019138,6.800766283524908,26.24521072796935,32.61494252873563,31.94444444444445,92.4,2.5900000000000034,4.790000000000006,17.41000000000001,29.85000000000001,32.910000000000004,74.2,1.0,8.799999999999997,15.400000000000006,16.300000000000004,20.200000000000003,14.0,18.0,32.0,Food & Staples Retailing,Food & Staples Retailing,Consumer Staples,74.37739463601532,82.26,63.8,VERU,VERU,VERU
CHRW,False,90.08620689655172,-0.1915708812260561,20.162835249042143,21.503831417624525,25.86206896551724,17.480842911877403,88.19,-3.25,17.64999999999999,18.27,20.14,3.3499999999999943,82.8,3.0999999999999943,12.5,18.099999999999994,21.0,20.599999999999994,24.0,25.0,52.5,Air Freight & Logistics,Transportation,Industrials,51.053639846743295,49.88,47.7,CAR,CNR,AVAV
CI,False,85.87164750957854,1.4846743295019138,2.394636015325659,4.022988505747122,7.950191570881216,16.858237547892713,90.15,0.3800000000000096,1.440000000000012,1.8700000000000043,-0.0899999999999892,12.77000000000001,88.2,0.9000000000000057,6.900000000000006,13.0,16.80000000000001,16.0,37.0,25.0,43.0,Health Care Providers & Services,Health Care Equipment & Services,Health Care,37.78735632183909,25.44,56.39999999999999,LNTH,LNTH,LNTH
CPB,False,80.74712643678161,0.3831417624521123,7.519157088122611,11.15900383141762,17.145593869731798,24.329501915708818,91.87,-0.0499999999999971,4.210000000000008,10.0,15.450000000000005,29.360000000000007,72.2,2.500000000000014,10.400000000000006,19.3,25.700000000000003,21.6,35.0,21.0,37.0,Food Products,"Food, Beverage & Tobacco",Consumer Staples,74.37739463601532,82.26,63.8,VERU,VERU,VERU
CXW,False,95.11494252873564,-0.1915708812260561,-0.3352490421455911,-0.5268199233716473,10.96743295019158,8.477011494252878,97.56,-0.8100000000000023,-1.2399999999999949,-0.5300000000000011,6.019999999999996,4.3500000000000085,94.2,1.4999999999999858,14.499999999999986,30.599999999999987,41.899999999999984,53.899999999999984,10.0,5.0,15.0,Commercial Services & Supplies,Commercial  & Professional Services,Industrials,51.053639846743295,49.88,47.7,CAR,CNR,AVAV
DAR,False,76.772030651341,-2.5383141762452084,-6.561302681992345,-5.268199233716473,1.915708812260533,-8.955938697318004,62.79,-5.839999999999996,-10.949999999999996,-18.270000000000003,-3.250000000000007,-19.520000000000003,92.5,-0.1000000000000085,-1.1000000000000083,0.5999999999999943,-0.7000000000000028,1.0999999999999943,39.0,60.0,10.0,Food Products,"Food, Beverage & Tobacco",Consumer Staples,74.37739463601532,82.26,63.8,VERU,VERU,VERU
DCO,False,79.50191570881226,-0.8141762452107173,-2.6340996168582365,-1.6283524904214488,10.440613026819918,20.593869731800773,75.37,-4.449999999999989,-12.769999999999996,-10.379999999999995,2.200000000000003,6.170000000000002,94.1,-0.2999999999999971,0.0999999999999943,1.3999999999999917,2.0999999999999943,3.799999999999997,55.0,71.0,16.0,Aerospace & Defense,Capital Goods,Industrials,51.053639846743295,49.88,47.7,CAR,CNR,AVAV
DG,False,85.96743295019157,-0.8620689655172526,1.7720306513409838,3.687739463601531,8.572796934865892,32.47126436781608,87.76,-1.6700000000000017,-2.530000000000001,0.0,0.1500000000000056,18.75,94.6,0.4000000000000057,6.5,14.799999999999985,28.499999999999982,38.39999999999999,15.0,13.0,7.0,Multiline Retail,Retailing,Consumer Discretionary,31.369731800766285,38.16,37.05,DDS,MUSA,TEN
DNOW,False,91.95402298850574,0.4310344827586192,0.9099616858237454,0.9578544061302664,10.632183908045974,4.022988505747122,93.5,-1.7199999999999989,-3.5799999999999983,0.8599999999999994,16.650000000000006,1.730000000000004,91.8,0.5,1.5,4.299999999999997,2.0999999999999943,-0.8000000000000114,16.0,16.0,24.0,Trading Companies & Distributors,Capital Goods,Industrials,51.053639846743295,49.88,47.7,CAR,CNR,AVAV
DRH,False,88.31417624521073,-1.0536398467432946,5.316091954022994,18.63026819923371,33.62068965517242,17.241379310344826,88.81,-2.5799999999999983,2.299999999999997,15.590000000000003,37.02,14.680000000000009,72.0,1.4000000000000057,5.799999999999997,8.0,5.0,-1.0999999999999943,20.0,17.0,73.0,Equity Real Estate Investment Trusts (REITs),Real Estate,Real Estate,69.15708812260536,68.24,71.15,APTS,APTS,FPI
DRQ,False,88.88888888888889,-0.6226053639846754,0.5747126436781542,-5.172413793103459,-5.699233716475106,-7.567049808429118,80.77,-4.1200000000000045,-10.290000000000006,-13.25,-12.439999999999998,-16.650000000000006,95.5,-0.5999999999999943,-1.7000000000000028,-2.0999999999999943,-2.799999999999997,-3.700000000000003,67.0,69.0,32.0,Energy Equipment & Services,Energy,Energy,95.06704980842912,93.83,91.6,CRK,NEX,TELL
EHC,False,66.66666666666666,8.620689655172406,10.68007662835248,-3.927203065134108,10.105363984674312,8.716475095785434,84.22,8.420000000000002,20.47,5.019999999999996,9.420000000000002,18.61,83.89999999999999,-0.1000000000000085,-1.7000000000000028,-2.200000000000003,-1.5,0.7999999999999972,81.0,34.0,56.0,Health Care Providers & Services,Health Care Equipment & Services,Health Care,37.78735632183909,25.44,56.39999999999999,LNTH,LNTH,LNTH
ENSG,False,74.09003831417624,2.4425287356321803,8.141762452107272,2.155172413793096,-3.352490421455954,-1.293103448275872,71.83,3.1099999999999994,7.319999999999993,-4.930000000000007,-11.960000000000008,-15.930000000000009,80.7,-0.7999999999999972,-3.6999999999999886,-5.700000000000003,-7.299999999999997,-2.799999999999997,62.0,59.0,69.5,Health Care Providers & Services,Health Care Equipment & Services,Health Care,37.78735632183909,25.44,56.39999999999999,LNTH,LNTH,LNTH
ENV,False,82.90229885057471,5.076628352490417,4.5498084291187695,6.704980842911866,12.45210727969348,37.78735632183908,80.34,5.829999999999998,5.640000000000001,3.969999999999999,8.700000000000003,39.400000000000006,87.6,1.1999999999999886,6.099999999999994,12.699999999999989,23.999999999999996,30.8,34.0,32.0,20.5,Software,Software & Services,Information Technology,44.6360153256705,36.585,45.1,POLY,MGI,POLY
ESTE,True,94.87547892720306,-0.2394636015325772,0.4310344827586192,1.3409961685823788,1.580459770114942,8.333333333333329,93.83,-1.9099999999999968,-2.9200000000000017,0.289999999999992,2.0600000000000023,19.8,74.2,1.1000000000000083,6.099999999999994,16.400000000000006,20.4,11.1,49.0,48.0,76.0,"Oil, Gas & Consumable Fuels",Energy,Energy,95.06704980842912,93.83,91.6,CRK,NEX,TELL
EXEL,False,89.79885057471265,1.2931034482758577,2.0593869731800822,2.7777777777777857,2.2988505747126453,5.938697318007655,91.49,1.0999999999999943,11.670000000000002,6.459999999999994,9.28,9.759999999999993,94.4,-0.1000000000000085,0.9999999999999858,0.0,0.2000000000000028,0.3999999999999915,24.0,18.0,18.0,Biotechnology,"Pharmaceuticals, Biotechnology & Life Sciences",Health Care,37.78735632183909,25.44,56.39999999999999,LNTH,LNTH,LNTH
EXLS,True,88.12260536398468,-2.586206896551729,-3.879310344827587,-1.9636015325670544,-3.3045977011494188,-0.6704980842911965,79.87,-6.829999999999998,-10.519999999999996,-8.649999999999991,-9.319999999999991,-8.799999999999997,94.2,0.0,2.6999999999999886,9.299999999999995,15.09999999999998,26.499999999999982,22.0,36.0,9.0,IT Services,Software & Services,Information Technology,44.6360153256705,36.585,45.1,POLY,MGI,POLY
FCFS,False,77.4904214559387,10.10536398467434,24.13793103448277,27.4904214559387,31.992337164750964,37.73946360153257,87.23,9.180000000000009,38.64,31.370000000000005,40.510000000000005,57.010000000000005,60.9,2.3999999999999986,6.599999999999994,12.4,15.599999999999994,15.4,39.0,16.0,73.0,Consumer Finance,Diversified Financials,Financials,45.54597701149425,47.06,29.6,AMRK,BRK.B,FHN
FCN,False,83.5249042145594,4.549808429118798,-1.6762452107279555,4.501915708812277,5.268199233716487,11.637931034482776,85.56,7.799999999999997,-5.349999999999994,1.5799999999999983,3.1099999999999994,7.560000000000002,84.7,0.6000000000000085,4.399999999999992,9.0,11.800000000000011,17.799999999999997,43.0,34.0,46.5,Professional Services,Commercial  & Professional Services,Industrials,51.053639846743295,49.88,47.7,CAR,CNR,AVAV
FLT,False,70.01915708812261,0.9578544061302664,5.890804597701148,7.136015325670499,20.40229885057472,22.22222222222223,80.68,-2.289999999999992,11.100000000000009,12.670000000000002,17.17000000000001,25.35000000000001,75.0,0.9000000000000057,2.1000000000000085,5.400000000000006,9.0,7.5,61.0,29.0,43.0,IT Services,Software & Services,Information Technology,44.6360153256705,36.585,45.1,POLY,MGI,POLY
FPI,True,93.19923371647508,0.0478927203065069,-0.3831417624521123,4.741379310344826,8.38122605363985,10.82375478927203,95.93,0.7600000000000051,0.0400000000000062,5.590000000000003,6.930000000000007,6.550000000000011,96.9,0.0999999999999943,1.0999999999999943,4.499999999999986,6.199999999999989,8.599999999999994,7.0,4.0,1.0,Equity Real Estate Investment Trusts (REITs),Real Estate,Real Estate,69.15708812260536,68.24,71.15,APTS,APTS,FPI
FRO,True,92.62452107279694,2.8735632183907995,2.8735632183907995,1.580459770114942,7.519157088122611,10.727969348659002,86.37,6.219999999999999,3.6300000000000097,2.200000000000003,10.230000000000004,21.570000000000007,88.1,-0.5,-4.300000000000011,-5.700000000000003,-4.900000000000006,-4.400000000000006,62.0,61.0,54.0,"Oil, Gas & Consumable Fuels",Energy,Energy,95.06704980842912,93.83,91.6,CRK,NEX,TELL
GCO,False,69.87547892720306,-5.890804597701148,-3.544061302681996,-18.39080459770115,-7.614942528735639,-6.657088122605373,64.71,-3.5800000000000125,-10.13000000000001,-15.490000000000007,3.539999999999992,9.429999999999993,60.9,-0.6000000000000014,-1.0,-7.800000000000004,-13.300000000000004,-21.29999999999999,48.0,57.0,56.0,Specialty Retail,Retailing,Consumer Discretionary,31.369731800766285,38.16,37.05,DDS,MUSA,TEN
GDDY,False,83.33333333333334,-3.544061302681982,-0.6226053639846612,0.6226053639846754,11.159003831417635,15.421455938697337,81.64,-12.329999999999998,-3.3400000000000034,-6.980000000000004,0.6700000000000017,0.6700000000000017,78.0,-0.2000000000000028,0.0,-3.1000000000000085,-3.1000000000000085,-0.4000000000000057,33.0,26.0,36.0,IT Services,Software & Services,Information Technology,44.6360153256705,36.585,45.1,POLY,MGI,POLY
GES,False,64.70306513409962,-5.268199233716473,3.448275862068968,-7.423371647509569,9.913793103448278,21.360153256704983,81.3,-1.0499999999999972,-1.240000000000009,-2.9200000000000017,3.390000000000001,20.129999999999995,63.8,1.4000000000000057,7.500000000000007,10.6,14.500000000000009,19.500000000000007,57.0,27.0,52.0,Specialty Retail,Retailing,Consumer Discretionary,31.369731800766285,38.16,37.05,DDS,MUSA,TEN
GPC,False,68.82183908045977,0.5747126436781542,1.1494252873563229,4.741379310344826,9.051724137931023,18.486590038314176,78.86,1.480000000000004,2.819999999999993,13.25,11.379999999999995,24.82,68.60000000000001,2.300000000000012,11.700000000000015,22.800000000000004,31.70000000000001,37.20000000000001,50.0,30.0,42.0,Distributors,Retailing,Consumer Discretionary,31.369731800766285,38.16,37.05,DDS,MUSA,TEN
HAYN,False,78.5919540229885,-7.9501915708812305,-11.637931034482762,-12.356321839080463,-9.339080459770116,-4.2145593869731925,64.9,-15.159999999999997,-18.89,-21.419999999999987,-18.27,-16.64,87.8,-1.6000000000000083,-4.700000000000003,0.5,5.900000000000006,12.299999999999995,36.0,54.0,26.0,Metals & Mining,Materials,Materials,63.793103448275865,67.0,59.0,IPI,CF,IPI
HCC,False,98.46743295019157,0.0478927203065069,0.5268199233716473,0.095785440613028,0.3352490421455911,0.095785440613028,96.7,0.2400000000000091,5.88000000000001,-0.6199999999999903,1.0,1.3400000000000034,88.5,-1.4000000000000057,-6.399999999999992,-8.099999999999994,-9.200000000000005,-10.299999999999995,5.0,10.0,25.0,Metals & Mining,Materials,Materials,63.793103448275865,67.0,59.0,IPI,CF,IPI
HE,False,62.73946360153256,-0.8141762452107315,-5.747126436781613,-5.50766283524905,-5.79501915708812,1.5325670498084278,73.98,-1.769999999999996,-6.319999999999993,-3.450000000000003,-0.4799999999999897,9.420000000000002,73.5,0.2000000000000028,4.400000000000006,6.700000000000003,10.1,9.799999999999995,43.0,39.0,40.0,Electric Utilities,Utilities,Utilities,78.40038314176245,84.46,82.3,SJI,SJI,SJI
HHC,False,79.88505747126436,0.8620689655172384,4.6455938697317976,12.260536398467424,20.354406130268195,10.057471264367804,86.66,0.2399999999999948,3.3999999999999915,13.299999999999995,15.689999999999998,2.390000000000001,75.2,0.7000000000000028,1.5,6.400000000000006,9.400000000000006,13.300000000000004,40.0,21.0,56.0,Real Estate Management & Development,Real Estate,Real Estate,69.15708812260536,68.24,71.15,APTS,APTS,FPI
HII,False,85.53639846743295,1.2452107279693507,2.8735632183907995,5.699233716475092,16.379310344827587,27.44252873563218,89.77,1.9699999999999989,1.9200000000000017,4.829999999999998,20.52,37.63999999999999,89.5,1.2000000000000028,7.0,11.399999999999991,13.0,9.399999999999991,33.0,22.0,31.0,Aerospace & Defense,Capital Goods,Industrials,51.053639846743295,49.88,47.7,CAR,CNR,AVAV
HLT,True,89.272030651341,-0.9578544061302664,4.4061302681992345,8.237547892720315,20.01915708812261,13.505747126436788,87.33,-2.049999999999997,10.049999999999995,7.319999999999993,22.379999999999995,13.78,67.9,1.5,4.800000000000004,6.1000000000000085,5.900000000000006,5.6000000000000085,12.0,15.0,43.0,"Hotels, Restaurants & Leisure",Consumer Services,Consumer Discretionary,31.369731800766285,38.16,37.05,DDS,MUSA,TEN
HST,True,92.57662835249042,-0.5268199233716473,2.394636015325659,9.77011494252872,22.74904214559386,8.908045977011483,93.35,-1.490000000000009,0.0499999999999971,8.030000000000001,25.919999999999987,7.549999999999997,81.69999999999999,1.4999999999999858,6.099999999999994,7.299999999999983,4.399999999999992,1.1999999999999886,8.0,9.0,32.5,Equity Real Estate Investment Trusts (REITs),Real Estate,Real Estate,69.15708812260536,68.24,71.15,APTS,APTS,FPI
HUM,False,74.18582375478927,-5.555555555555557,1.0536398467432946,-2.7777777777777857,-2.1551724137931103,4.885057471264361,79.15,-0.8599999999999994,14.490000000000007,6.310000000000002,2.490000000000009,14.440000000000012,79.9,0.6000000000000085,-0.7000000000000028,-4.699999999999989,-7.599999999999994,-1.5999999999999943,61.0,45.0,76.0,Health Care Providers & Services,Health Care Equipment & Services,Health Care,37.78735632183909,25.44,56.39999999999999,LNTH,LNTH,LNTH
HURN,False,78.63984674329501,-2.3467432950191665,-1.532567049808435,1.5804597701149277,17.863984674329494,45.59386973180076,84.7,-2.0999999999999943,-4.349999999999994,-0.8599999999999994,16.689999999999998,51.89,86.8,0.8999999999999915,8.099999999999994,15.5,26.1,34.49999999999999,57.0,36.0,40.5,Professional Services,Commercial  & Professional Services,Industrials,51.053639846743295,49.88,47.7,CAR,CNR,AVAV
INCY,False,71.31226053639847,5.699233716475092,2.3946360153256734,-2.5383141762452084,-7.662835249042132,0.4310344827586192,81.21,4.019999999999996,2.8699999999999903,-6.980000000000004,-8.700000000000003,-5.490000000000009,84.2,0.9000000000000057,5.200000000000003,8.400000000000006,12.100000000000009,14.400000000000006,67.0,40.0,54.0,Biotechnology,"Pharmaceuticals, Biotechnology & Life Sciences",Health Care,37.78735632183909,25.44,56.39999999999999,LNTH,LNTH,LNTH
IONS,False,81.70498084291188,-5.02873563218391,-8.668582375478934,-4.741379310344826,-2.6819923371647434,11.446360153256704,80.82,-10.050000000000011,-14.88000000000001,-13.010000000000003,-7.320000000000007,2.769999999999996,95.7,0.0,2.3999999999999915,5.0,6.799999999999997,7.1000000000000085,45.0,41.0,12.0,Biotechnology,"Pharmaceuticals, Biotechnology & Life Sciences",Health Care,37.78735632183909,25.44,56.39999999999999,LNTH,LNTH,LNTH
IRWD,False,69.6360153256705,5.268199233716473,-0.143678160919535,3.35249042145594,-4.5498084291187695,4.980842911877389,72.07,12.389999999999992,10.859999999999992,12.389999999999992,4.159999999999997,10.139999999999992,83.8,0.2000000000000028,1.4000000000000057,0.9000000000000057,2.5999999999999943,5.099999999999994,71.0,57.0,57.0,Biotechnology,"Pharmaceuticals, Biotechnology & Life Sciences",Health Care,37.78735632183909,25.44,56.39999999999999,LNTH,LNTH,LNTH
J,False,74.76053639846744,2.6819923371647576,3.35249042145594,-2.3946360153256734,0.8620689655172526,14.176245210727975,78.62,0.1400000000000005,2.8200000000000074,-0.1499999999999914,-2.819999999999993,10.329999999999998,89.0,1.0999999999999943,6.200000000000003,11.399999999999991,17.10000000000001,25.2,76.0,53.0,34.0,Professional Services,Commercial  & Professional Services,Industrials,51.053639846743295,49.88,47.7,CAR,CNR,AVAV
JAZZ,False,85.63218390804597,3.2088122605363907,3.160919540229884,1.7720306513409838,6.944444444444443,18.007662835249036,92.01,3.9200000000000017,3.390000000000001,5.540000000000006,1.6200000000000043,16.64,91.7,0.5999999999999943,1.7000000000000028,3.799999999999997,5.1000000000000085,2.0,38.0,16.0,30.0,Pharmaceuticals,"Pharmaceuticals, Biotechnology & Life Sciences",Health Care,37.78735632183909,25.44,56.39999999999999,LNTH,LNTH,LNTH
KELYA,False,67.09770114942529,-2.8256704980842926,-4.358237547892713,-2.8256704980842926,-5.268199233716473,-7.088122605363978,65.42,-4.069999999999993,-17.64999999999999,-3.640000000000001,-11.39,-12.200000000000005,77.4,-1.7000000000000028,-7.099999999999994,-12.0,-14.900000000000006,-16.799999999999983,104.0,107.0,73.0,Professional Services,Commercial  & Professional Services,Industrials,51.053639846743295,49.88,47.7,CAR,CNR,AVAV
KEX,False,79.54980842911877,-2.5383141762452226,9.43486590038313,4.166666666666657,7.088122605363992,-8.86015325670499,84.07,-1.730000000000004,5.019999999999996,7.219999999999999,12.189999999999998,-9.760000000000003,65.2,0.0999999999999943,-2.200000000000003,-7.599999999999994,-16.499999999999986,-24.40000000000001,54.0,38.0,111.0,Marine,Transportation,Industrials,51.053639846743295,49.88,47.7,CAR,CNR,AVAV
KHC,False,88.79310344827587,0.4310344827586334,2.7298850574712787,6.130268199233726,13.40996168582376,20.402298850574724,94.36,0.0,1.25,4.689999999999998,12.870000000000005,21.33,92.0,1.5999999999999943,6.400000000000006,10.700000000000005,13.0,11.599999999999994,16.0,13.0,11.0,Food Products,"Food, Beverage & Tobacco",Consumer Staples,74.37739463601532,82.26,63.8,VERU,VERU,VERU
KNSL,False,91.139846743295,-1.1973180076628438,-1.628352490421463,-1.3409961685823788,0.1915708812260419,1.3888888888888715,86.04,-3.1499999999999915,-8.799999999999997,-6.309999999999988,-8.169999999999987,-5.969999999999999,92.5,0.3999999999999915,1.2000000000000028,1.5,8.100000000000009,15.5,8.0,19.0,4.0,Insurance,Insurance,Financials,45.54597701149425,47.06,29.6,AMRK,BRK.B,FHN
KSS,False,71.98275862068965,-3.0172413793103487,12.835249042145584,-16.139846743295024,-14.60727969348659,-17.624521072796938,81.54,1.0,0.1400000000000005,-7.219999999999999,-4.209999999999994,-7.599999999999994,65.0,1.0,8.500000000000007,-5.799999999999997,-16.39999999999999,-23.90000000000001,41.0,26.0,48.5,Multiline Retail,Retailing,Consumer Discretionary,31.369731800766285,38.16,37.05,DDS,MUSA,TEN
LOPE,False,89.41570881226055,1.8199233716475192,3.06513409961687,10.53639846743296,15.469348659003842,25.04789272030652,88.43,0.1500000000000056,2.8700000000000045,4.02000000000001,5.6000000000000085,6.840000000000003,94.7,0.0,2.59999999999998,5.399999999999992,7.799999999999983,9.599999999999994,11.0,10.0,5.5,Diversified Consumer Services,Consumer Services,Consumer Discretionary,31.369731800766285,38.16,37.05,DDS,MUSA,TEN
LRN,True,90.61302681992338,2.8735632183908137,9.386973180076636,6.1781609195402325,9.14750957854406,9.770114942528735,93.78,3.730000000000004,10.47,28.879999999999995,25.099999999999994,21.370000000000005,72.1,3.200000000000003,5.299999999999997,-3.700000000000003,-9.000000000000014,-9.299999999999995,10.0,5.0,36.0,Diversified Consumer Services,Consumer Services,Consumer Discretionary,31.369731800766285,38.16,37.05,DDS,MUSA,TEN
LTC,False,61.15900383141762,3.065134099616856,-8.333333333333343,-4.6455938697317976,-4.980842911877389,-9.243295019157088,64.37,1.000000000000007,-11.14,-9.899999999999991,-14.86999999999999,-24.14999999999999,74.9,-0.7999999999999972,-0.7999999999999972,-0.1999999999999886,-1.0999999999999943,-2.0999999999999943,100.0,89.0,57.5,Equity Real Estate Investment Trusts (REITs),Real Estate,Real Estate,69.15708812260536,68.24,71.15,APTS,APTS,FPI
LUV,False,60.871647509578544,6.321839080459768,10.201149425287362,15.18199233716475,35.05747126436782,27.4904214559387,77.43,6.940000000000012,6.75,11.39,45.53000000000001,33.34,62.3,1.7999999999999972,7.499999999999993,14.700000000000005,14.4,10.299999999999995,127.0,60.0,121.0,Airlines,Transportation,Industrials,51.053639846743295,49.88,47.7,CAR,CNR,AVAV
LW,False,69.06130268199234,-0.28735632183907,-1.1015325670498015,2.2030651340996315,15.27777777777778,42.43295019157088,91.82,0.6199999999999903,-0.1500000000000056,0.6199999999999903,6.169999999999988,39.84,60.2,2.700000000000003,11.599999999999994,23.499999999999996,38.1,38.2,50.0,22.0,46.0,Food Products,"Food, Beverage & Tobacco",Consumer Staples,74.37739463601532,82.26,63.8,VERU,VERU,VERU
LYB,False,82.27969348659003,4.262452107279685,5.268199233716473,3.0172413793103487,15.804597701149431,11.781609195402297,92.3,4.730000000000004,8.030000000000001,8.700000000000003,26.02,21.230000000000004,78.9,1.5,2.5,5.400000000000006,3.700000000000003,-2.3999999999999915,32.0,20.0,35.0,Chemicals,Materials,Materials,63.793103448275865,67.0,59.0,IPI,CF,IPI
MANT,False,76.67624521072797,2.1551724137931103,0.7662835249042104,8.237547892720315,1.1015325670498015,0.4310344827586192,69.49,-0.1900000000000119,-1.5799999999999983,4.780000000000001,-3.490000000000009,-5.450000000000003,77.5,-1.2000000000000028,-3.6000000000000085,-9.900000000000006,-14.0,-16.299999999999997,69.0,91.0,71.5,Professional Services,Commercial  & Professional Services,Industrials,51.053639846743295,49.88,47.7,CAR,CNR,AVAV
MAR,True,90.99616858237547,-1.2931034482758577,1.867816091954012,5.363984674329501,18.19923371647509,8.764367816091948,88.24,-2.2900000000000063,1.9699999999999989,2.1999999999999886,20.569999999999997,8.22999999999999,70.6,1.2999999999999972,3.6999999999999886,2.8999999999999915,-1.7000000000000028,-5.200000000000003,9.0,11.0,39.0,"Hotels, Restaurants & Leisure",Consumer Services,Consumer Discretionary,31.369731800766285,38.16,37.05,DDS,MUSA,TEN
MET,False,73.32375478927203,0.2394636015325772,-3.113026819923377,-5.459770114942529,-5.79501915708812,-6.561302681992331,76.09,0.8200000000000074,-1.7199999999999989,-2.9599999999999937,-1.8599999999999997,-2.009999999999991,62.9,-0.5,-1.6000000000000014,-2.6000000000000014,-3.3999999999999986,-11.500000000000009,50.0,46.0,61.0,Insurance,Insurance,Financials,45.54597701149425,47.06,29.6,AMRK,BRK.B,FHN
MGEE,False,71.74329501915709,2.969348659003828,-2.7777777777777715,-2.969348659003828,-5.986590038314176,5.890804597701148,77.38,4.5,-3.490000000000009,-3.5400000000000063,-6.650000000000006,3.4399999999999977,83.7,0.9000000000000057,5.200000000000003,9.400000000000006,15.899999999999991,24.90000000000001,35.0,36.0,30.0,Electric Utilities,Utilities,Utilities,78.40038314176245,84.46,82.3,SJI,SJI,SJI
MGPI,True,95.88122605363984,0.3352490421455911,1.867816091954026,2.3946360153256734,0.9099616858237596,5.986590038314176,95.31,0.0400000000000062,-0.289999999999992,0.8599999999999994,-1.9599999999999935,7.460000000000008,93.8,0.6999999999999886,4.700000000000003,11.200000000000005,17.599999999999994,26.39999999999999,7.0,10.0,8.0,Beverages,"Food, Beverage & Tobacco",Consumer Staples,74.37739463601532,82.26,63.8,VERU,VERU,VERU
MIME,True,90.56513409961686,1.1494252873563084,0.9578544061302664,2.6819923371647434,-0.6704980842911823,-1.4367816091954069,83.55,5.359999999999999,4.349999999999994,2.8699999999999903,1.2399999999999949,0.5300000000000011,60.5,1.7000000000000028,5.099999999999994,7.599999999999994,4.000000000000007,-2.5,15.0,21.0,77.0,Software,Software & Services,Information Technology,44.6360153256705,36.585,45.1,POLY,MGI,POLY
MMC,False,80.93869731800766,-4.454022988505756,-3.783524904214559,3.2567049808428976,-3.06513409961687,0.6704980842911823,76.04,-6.890000000000001,-1.3399999999999892,2.490000000000009,-7.649999999999991,-4.259999999999991,86.7,-0.0999999999999943,4.900000000000006,9.5,15.700000000000005,23.90000000000001,27.0,47.0,14.0,Insurance,Insurance,Financials,45.54597701149425,47.06,29.6,AMRK,BRK.B,FHN
MMI,False,80.12452107279694,-0.3352490421455911,-5.699233716475092,-10.105363984674328,-9.770114942528735,-11.350574712643663,61.41,-2.9099999999999966,-5.400000000000006,-26.540000000000006,-26.680000000000007,-29.790000000000006,76.2,-1.9000000000000057,-8.099999999999994,-7.299999999999997,-4.1000000000000085,3.200000000000003,37.0,95.0,53.0,Real Estate Management & Development,Real Estate,Real Estate,69.15708812260536,68.24,71.15,APTS,APTS,FPI
MRK,False,88.2183908045977,3.639846743295024,14.272030651340998,8.045977011494259,6.465517241379317,13.74521072796935,89.14,3.0600000000000023,13.290000000000006,5.260000000000005,2.239999999999995,18.5,85.7,2.700000000000003,10.0,16.000000000000014,21.9,22.1,28.0,27.0,49.0,Pharmaceuticals,"Pharmaceuticals, Biotechnology & Life Sciences",Health Care,37.78735632183909,25.44,56.39999999999999,LNTH,LNTH,LNTH
MUSA,True,96.74329501915707,0.3352490421455911,-0.3831417624520981,1.819923371647505,3.735632183908052,8.189655172413794,98.33,0.0499999999999971,-0.4300000000000068,3.1599999999999966,2.969999999999999,10.959999999999994,94.7,1.1999999999999886,10.499999999999986,20.599999999999994,30.599999999999994,39.59999999999999,6.0,1.0,5.5,Specialty Retail,Retailing,Consumer Discretionary,31.369731800766285,38.16,37.05,DDS,MUSA,TEN
MYE,False,87.78735632183908,2.8735632183908137,9.674329501915707,19.6360153256705,17.52873563218391,15.804597701149431,91.63,6.549999999999997,9.519999999999996,15.72999999999999,9.519999999999996,3.589999999999989,96.6,0.5999999999999943,4.999999999999986,14.599999999999994,21.099999999999994,29.599999999999994,28.0,24.0,12.0,Containers & Packaging,Materials,Materials,63.793103448275865,67.0,59.0,IPI,CF,IPI
NBIX,False,77.58620689655173,3.687739463601545,-5.699233716475092,-5.842911877394641,-0.5268199233716473,16.42720306513411,68.48,2.1500000000000057,8.750000000000007,-3.780000000000001,-5.5,13.53,90.3,-0.3000000000000113,-2.4000000000000057,-3.799999999999997,-4.299999999999997,-2.200000000000003,53.0,69.0,32.5,Biotechnology,"Pharmaceuticals, Biotechnology & Life Sciences",Health Care,37.78735632183909,25.44,56.39999999999999,LNTH,LNTH,LNTH
NEU,False,67.57662835249042,7.758620689655167,12.35632183908045,9.147509578544051,19.06130268199233,26.005747126436773,74.94,3.0600000000000023,10.620000000000005,21.23,24.68,33.05,71.0,2.799999999999997,9.6,18.8,24.8,26.0,45.0,42.0,42.0,Chemicals,Materials,Materials,63.793103448275865,67.0,59.0,IPI,CF,IPI
NHC,False,65.32567049808429,1.5325670498084278,1.1494252873563229,-1.0057471264367734,-2.107279693486589,11.97318007662836,69.25,4.879999999999996,-0.7600000000000051,-0.5699999999999932,-4.879999999999996,4.299999999999997,85.39999999999999,-0.2000000000000028,4.199999999999989,6.399999999999992,11.799999999999995,14.5,83.0,66.0,51.0,Health Care Providers & Services,Health Care Equipment & Services,Health Care,37.78735632183909,25.44,56.39999999999999,LNTH,LNTH,LNTH
NLSN,False,93.63026819923373,1.0057471264367734,0.5268199233716473,2.0593869731800822,0.8141762452107315,2.203065134099617,96.32,0.6199999999999903,-0.1400000000000005,0.4799999999999897,-2.1000000000000085,-1.7700000000000102,98.9,0.2000000000000028,1.2000000000000028,4.200000000000017,11.800000000000011,21.60000000000001,12.0,9.0,3.0,Professional Services,Commercial  & Professional Services,Industrials,51.053639846743295,49.88,47.7,CAR,CNR,AVAV
NOC,False,91.90613026819923,0.095785440613028,1.1015325670498155,1.0536398467432946,0.7183908045977034,3.544061302681996,92.83,0.769999999999996,2.6299999999999955,4.1200000000000045,2.3499999999999943,8.519999999999996,90.5,0.2000000000000028,1.2000000000000028,2.200000000000003,2.0999999999999943,1.4000000000000057,17.0,18.0,28.0,Aerospace & Defense,Capital Goods,Industrials,51.053639846743295,49.88,47.7,CAR,CNR,AVAV
NOV,False,90.3735632183908,0.1915708812260561,-0.3352490421455911,-4.166666666666657,-3.400383141762447,-4.885057471264361,91.01,-0.6700000000000017,-0.7599999999999909,-3.780000000000001,0.6700000000000017,-3.8699999999999903,85.0,-1.0,-3.700000000000003,-6.1000000000000085,-8.400000000000006,-10.899999999999991,65.0,51.0,57.0,Energy Equipment & Services,Energy,Energy,95.06704980842912,93.83,91.6,CRK,NEX,TELL
NTCT,False,76.91570881226055,-1.4846743295018996,0.9578544061302808,-7.710727969348639,0.9578544061302808,4.2145593869731925,67.05,-2.25,-17.689999999999998,-19.08,-8.850000000000009,-8.370000000000005,68.7,0.2999999999999971,0.2999999999999971,-0.2999999999999971,-0.4999999999999858,2.0,48.0,67.0,55.0,Communications Equipment,Technology Hardware & Equipment,Information Technology,44.6360153256705,36.585,45.1,POLY,MGI,POLY
OAS,False,93.9176245210728,0.0478927203065069,-0.3831417624521123,-1.9636015325670544,-2.490421455938701,-2.586206896551729,86.8,1.0999999999999943,1.9599999999999935,-7.799999999999997,-8.040000000000006,-8.939999999999998,74.3,-1.0,-5.200000000000003,-7.099999999999994,-7.399999999999991,-10.5,58.0,59.0,75.0,"Oil, Gas & Consumable Fuels",Energy,Energy,95.06704980842912,93.83,91.6,CRK,NEX,TELL
ODP,False,72.12643678160919,4.022988505747122,8.477011494252864,1.1973180076628154,-1.3409961685823788,3.400383141762447,70.59,3.25,0.7199999999999989,1.7700000000000102,-1.3400000000000034,-1.9599999999999935,70.3,0.0,-0.7000000000000028,-6.0,-10.700000000000005,-15.0,39.0,50.0,40.0,Specialty Retail,Retailing,Consumer Discretionary,31.369731800766285,38.16,37.05,DDS,MUSA,TEN
ORA,False,87.59578544061303,-1.532567049808435,0.143678160919535,3.400383141762447,6.752873563218387,9.770114942528735,77.86,-5.450000000000003,-2.6299999999999955,-9.989999999999997,-5.549999999999997,-7.890000000000001,94.6,-0.2000000000000028,1.799999999999983,10.899999999999991,16.099999999999994,22.3,13.0,35.0,4.0,Independent Power and Renewable Electricity Producers,Utilities,Utilities,78.40038314176245,84.46,82.3,SJI,SJI,SJI
PAYX,False,85.68007662835248,-1.7720306513410122,-1.4367816091954069,-1.0536398467433088,-3.9750957854406295,-1.3409961685823788,78.14,-4.170000000000002,-1.1500000000000057,-7.459999999999994,-12.629999999999995,-10.239999999999997,88.6,0.0999999999999943,1.6999999999999886,5.599999999999994,10.799999999999995,22.39999999999999,28.0,39.0,18.0,IT Services,Software & Services,Information Technology,44.6360153256705,36.585,45.1,POLY,MGI,POLY
PCG,False,87.83524904214559,1.2452107279693507,13.649425287356324,9.57854406130268,11.1111111111111,14.846743295019152,89.48,0.5799999999999983,15.070000000000007,15.260000000000003,5.930000000000007,14.829999999999998,70.89999999999999,4.199999999999989,13.4,22.7,29.499999999999996,32.09999999999999,12.0,18.0,42.5,Electric Utilities,Utilities,Utilities,78.40038314176245,84.46,82.3,SJI,SJI,SJI
PEB,False,85.34482758620689,-3.304597701149433,4.166666666666657,15.134099616858222,32.99808429118773,15.038314176245194,82.93,-4.829999999999998,-2.9599999999999937,7.890000000000001,31.52000000000001,6.320000000000007,74.0,0.2999999999999971,4.0,7.599999999999994,5.200000000000003,0.2999999999999971,28.0,33.0,62.0,Equity Real Estate Investment Trusts (REITs),Real Estate,Real Estate,69.15708812260536,68.24,71.15,APTS,APTS,FPI
PFGC,False,82.23180076628353,-1.1973180076628438,-2.2988505747126453,12.787356321839084,22.509578544061306,13.553639846743296,79.67,-3.5,-5.219999999999999,9.799999999999995,17.64,17.4,66.3,-1.1000000000000083,-2.4000000000000057,-7.0,-12.300000000000011,-17.900000000000006,29.0,49.0,41.0,Food & Staples Retailing,Food & Staples Retailing,Consumer Staples,74.37739463601532,82.26,63.8,VERU,VERU,VERU
PFIS,False,81.27394636015326,2.3946360153256734,9.482758620689664,15.996168582375477,10.296934865900385,6.848659003831429,85.27,4.640000000000001,13.289999999999992,23.77,19.27,10.709999999999994,62.8,1.6000000000000014,7.999999999999993,13.0,11.699999999999996,11.499999999999991,24.0,22.0,62.0,Banks,Banks,Financials,45.54597701149425,47.06,29.6,AMRK,BRK.B,FHN
PK,False,78.2088122605364,1.1973180076628438,11.44636015325672,21.408045977011497,41.57088122605365,19.77969348659004,82.88,0.0999999999999943,7.319999999999993,16.64,47.3,18.83999999999999,64.4,0.8000000000000043,5.20000000000001,8.100000000000009,5.300000000000011,0.2000000000000028,46.0,34.0,94.0,Equity Real Estate Investment Trusts (REITs),Real Estate,Real Estate,69.15708812260536,68.24,71.15,APTS,APTS,FPI
PLD,True,88.60153256704982,-3.831417624521066,-2.8256704980842784,3.06513409961687,-2.059386973180068,0.5747126436781684,86.94,-6.700000000000003,-3.5,4.489999999999995,-4.740000000000009,-1.6299999999999957,86.4,1.5000000000000142,8.299999999999997,12.400000000000006,14.200000000000005,23.000000000000007,18.0,19.0,18.0,Equity Real Estate Investment Trusts (REITs),Real Estate,Real Estate,69.15708812260536,68.24,71.15,APTS,APTS,FPI
PNW,False,62.691570881226056,-5.124521072796924,-11.637931034482762,-9.09961685823754,-11.781609195402297,-9.051724137931032,78.67,-2.769999999999996,-7.510000000000005,-3.969999999999999,-6.700000000000003,-5.260000000000005,84.2,-0.7999999999999972,0.8000000000000114,1.5000000000000142,1.1000000000000083,0.6000000000000085,44.0,34.0,29.0,Electric Utilities,Utilities,Utilities,78.40038314176245,84.46,82.3,SJI,SJI,SJI
POST,False,75.95785440613027,0.8620689655172384,1.67624521072797,7.902298850574709,15.61302681992337,29.310344827586206,88.28,-0.2399999999999948,-1.9599999999999935,7.650000000000006,13.099999999999994,35.1,73.0,2.6000000000000085,11.4,27.7,41.0,50.9,42.0,33.0,34.0,Food Products,"Food, Beverage & Tobacco",Consumer Staples,74.37739463601532,82.26,63.8,VERU,VERU,VERU
PPL,False,65.80459770114942,-0.3831417624521123,-3.735632183908052,3.591954022988503,0.7662835249041962,9.291187739463597,76.61,0.1400000000000005,-4.829999999999998,3.0999999999999943,1.6200000000000043,8.219999999999999,67.4,2.5,12.1,23.10000000000001,30.500000000000007,41.0,41.0,37.0,49.0,Electric Utilities,Utilities,Utilities,78.40038314176245,84.46,82.3,SJI,SJI,SJI
PRA,False,68.9176245210728,-1.3888888888889,0.6704980842911823,-9.674329501915707,-8.955938697318018,-10.632183908045974,70.64,1.25,-5.969999999999999,-5.969999999999999,-10.519999999999996,-13.099999999999994,79.10000000000001,0.1000000000000085,0.0,0.0,0.6000000000000085,3.4000000000000057,71.0,70.0,28.0,Insurance,Insurance,Financials,45.54597701149425,47.06,29.6,AMRK,BRK.B,FHN
PRDO,False,75.19157088122606,5.747126436781613,5.555555555555557,13.98467432950192,20.88122605363985,23.27586206896552,78.53,4.400000000000006,0.769999999999996,4.689999999999998,12.960000000000008,15.78,83.2,0.9000000000000057,9.100000000000009,19.800000000000004,29.3,32.7,35.0,32.0,18.0,Diversified Consumer Services,Consumer Services,Consumer Discretionary,31.369731800766285,38.16,37.05,DDS,MUSA,TEN
PRGS,False,80.31609195402298,5.172413793103445,8.429118773946357,13.888888888888886,21.74329501915708,21.647509578544053,77.81,3.4399999999999977,3.0600000000000023,13.150000000000006,22.480000000000004,20.04,73.6,2.200000000000003,7.699999999999989,12.599999999999994,15.4,21.79999999999999,42.0,41.0,44.0,Software,Software & Services,Information Technology,44.6360153256705,36.585,45.1,POLY,MGI,POLY
PSB,False,91.61877394636016,0.8620689655172384,16.331417624521066,24.71264367816092,23.65900383141762,29.21455938697318,94.84,1.1000000000000083,23.06,29.180000000000007,24.63000000000001,23.49000000000001,78.5,4.400000000000006,14.6,22.7,31.6,45.0,10.0,6.0,44.0,Equity Real Estate Investment Trusts (REITs),Real Estate,Real Estate,69.15708812260536,68.24,71.15,APTS,APTS,FPI
PSMT,False,77.72988505747126,2.155172413793096,12.547892720306509,4.932950191570882,14.559386973180082,22.413793103448285,82.26,1.3400000000000034,2.730000000000004,9.14,9.710000000000008,21.330000000000005,91.3,0.5,4.299999999999997,5.700000000000003,8.799999999999997,8.900000000000006,38.0,45.0,12.0,Food & Staples Retailing,Food & Staples Retailing,Consumer Staples,74.37739463601532,82.26,63.8,VERU,VERU,VERU
QLYS,True,88.64942528735632,-0.239463601532563,0.6226053639846754,-2.5383141762452084,-0.6226053639846754,-2.155172413793096,80.11,-5.829999999999998,-5.060000000000002,-11.519999999999996,-4.829999999999998,-10.420000000000002,86.2,0.5,4.300000000000011,5.599999999999994,8.700000000000003,11.700000000000005,21.0,33.0,23.0,Software,Software & Services,Information Technology,44.6360153256705,36.585,45.1,POLY,MGI,POLY
REXR,True,91.57088122605364,-1.628352490421463,-1.4367816091954069,6.800766283524894,3.687739463601517,7.614942528735625,92.59,-2.4799999999999898,-0.8100000000000023,7.510000000000005,1.4399999999999975,4.400000000000006,83.89999999999999,1.5,8.899999999999991,16.19999999999999,22.499999999999996,37.29999999999999,11.0,11.0,26.5,Equity Real Estate Investment Trusts (REITs),Real Estate,Real Estate,69.15708812260536,68.24,71.15,APTS,APTS,FPI
RHP,True,88.9367816091954,-1.4367816091954069,4.022988505747136,5.02873563218391,15.22988505747128,12.787356321839084,84.89,-2.25,-0.6200000000000045,2.390000000000001,19.56,9.709999999999994,73.9,0.4000000000000057,3.8000000000000114,4.700000000000017,4.1000000000000085,4.700000000000017,17.0,26.0,63.0,Equity Real Estate Investment Trusts (REITs),Real Estate,Real Estate,69.15708812260536,68.24,71.15,APTS,APTS,FPI
RLI,False,84.2911877394636,1.5804597701149277,2.9214559386973065,18.72605363984674,16.13984674329501,19.68390804597701,88.33,3.539999999999992,-1.2000000000000028,19.129999999999995,10.090000000000003,12.149999999999991,86.6,1.5,8.399999999999991,15.5,20.499999999999982,25.7,18.0,13.0,15.0,Insurance,Insurance,Financials,45.54597701149425,47.06,29.6,AMRK,BRK.B,FHN
ROCC,False,94.20498084291188,-1.580459770114942,-2.3946360153256734,-3.975095785440601,-3.065134099616856,-2.4425287356321803,82.45,1.6800000000000068,-0.5699999999999932,-12.099999999999994,-0.3299999999999983,-0.6700000000000017,80.10000000000001,-0.5999999999999943,-5.399999999999992,-5.299999999999983,-7.699999999999989,-11.5,56.0,66.0,65.0,"Oil, Gas & Consumable Fuels",Energy,Energy,95.06704980842912,93.83,91.6,CRK,NEX,TELL
RSG,False,83.9080459770115,-0.4310344827586192,6.944444444444443,8.285440613026822,2.9214559386973207,9.14750957854406,83.98,-0.6700000000000017,10.0,14.64,5.640000000000001,11.240000000000007,82.69999999999999,2.09999999999998,8.099999999999994,12.5,17.299999999999983,23.599999999999994,39.0,39.0,54.5,Commercial Services & Supplies,Commercial  & Professional Services,Industrials,51.053639846743295,49.88,47.7,CAR,CNR,AVAV
SANM,False,74.2816091954023,1.580459770114942,10.296934865900385,12.978927203065131,19.300766283524908,17.193486590038304,80.58,2.200000000000003,13.439999999999998,22.52,30.8,23.91,64.3,0.0999999999999943,-1.2000000000000028,-3.4000000000000057,-7.700000000000003,-7.700000000000003,52.0,30.0,67.0,"Electronic Equipment, Instruments & Components",Technology Hardware & Equipment,Information Technology,44.6360153256705,36.585,45.1,POLY,MGI,POLY
SCI,False,80.65134099616859,0.0478927203065211,-1.7241379310344769,-1.1015325670498015,-3.3045977011494188,5.076628352490417,76.37,-0.769999999999996,-2.640000000000001,-9.429999999999993,-9.61999999999999,4.490000000000009,85.8,0.5,4.899999999999992,12.099999999999994,21.599999999999994,32.099999999999994,25.0,37.0,15.0,Diversified Consumer Services,Consumer Services,Consumer Discretionary,31.369731800766285,38.16,37.05,DDS,MUSA,TEN
SEB,False,81.65708812260536,6.609195402298852,3.2088122605363907,4.118773946360136,7.327586206896541,9.530651340996172,87.28,6.700000000000003,9.180000000000009,11.570000000000007,16.739999999999995,22.19,84.6,1.0,3.5999999999999943,5.799999999999997,9.899999999999991,12.799999999999995,31.0,36.0,23.0,Food Products,"Food, Beverage & Tobacco",Consumer Staples,74.37739463601532,82.26,63.8,VERU,VERU,VERU
SENEA,False,86.0632183908046,0.0478927203065069,1.0057471264367877,5.172413793103445,18.19923371647509,27.442528735632187,87.61,0.5699999999999932,3.299999999999997,7.790000000000006,24.200000000000003,31.51,89.8,1.0,3.799999999999997,4.299999999999997,4.299999999999997,4.299999999999997,22.0,34.0,14.0,Food Products,"Food, Beverage & Tobacco",Consumer Staples,74.37739463601532,82.26,63.8,VERU,VERU,VERU
SHO,False,79.6934865900383,-0.5747126436781684,7.136015325670499,21.74329501915708,37.8831417624521,29.693486590038304,82.31,0.1000000000000085,7.420000000000002,18.180000000000007,41.8,25.830000000000005,71.1,1.5,7.199999999999996,12.699999999999996,12.9,11.799999999999995,41.0,35.0,76.5,Equity Real Estate Investment Trusts (REITs),Real Estate,Real Estate,69.15708812260536,68.24,71.15,APTS,APTS,FPI
SIGI,False,75.67049808429118,-2.0593869731800822,2.490421455938701,-2.0593869731800822,-6.657088122605373,-8.572796934865906,77.04,0.6700000000000017,6.550000000000011,3.300000000000012,-4.739999999999995,-6.649999999999992,82.39999999999999,-0.2999999999999971,-0.6000000000000085,-3.8000000000000114,-5.200000000000003,-5.200000000000003,46.0,42.0,22.0,Insurance,Insurance,Financials,45.54597701149425,47.06,29.6,AMRK,BRK.B,FHN
SM,False,96.98275862068964,0.5268199233716473,1.4846743295019138,-0.239463601532563,-1.0057471264367877,-0.3352490421455911,79.72,3.5799999999999983,2.6799999999999926,-15.549999999999995,-15.260000000000003,-13.060000000000002,76.3,-1.3000000000000114,-9.0,-11.799999999999995,-13.0,-15.700000000000005,32.0,71.0,73.0,"Oil, Gas & Consumable Fuels",Energy,Energy,95.06704980842912,93.83,91.6,CRK,NEX,TELL
SON,False,71.4080459770115,4.597701149425291,2.7777777777777857,0.7662835249042104,0.2873563218390842,5.50766283524905,83.12,4.310000000000002,3.1099999999999994,3.730000000000004,5.840000000000003,10.86,85.9,1.1000000000000083,3.6000000000000085,6.299999999999997,8.900000000000006,10.200000000000005,43.0,36.0,27.0,Containers & Packaging,Materials,Materials,63.793103448275865,67.0,59.0,IPI,CF,IPI
STRA,False,69.97126436781609,-0.095785440613028,-6.1781609195402325,-7.9980842911877374,2.250957854406124,15.660919540229884,74.32,5.839999999999989,-3.9200000000000017,-9.13000000000001,-5.400000000000006,12.009999999999993,95.5,0.5,3.5999999999999943,7.200000000000003,12.299999999999995,15.699999999999989,47.0,41.0,3.0,Diversified Consumer Services,Consumer Services,Consumer Discretionary,31.369731800766285,38.16,37.05,DDS,MUSA,TEN
STZ,False,81.94444444444444,1.772030651340998,2.7777777777777857,7.854406130268202,12.5,27.729885057471257,90.05,1.2399999999999949,0.9099999999999966,3.1499999999999915,8.219999999999999,23.379999999999995,74.4,2.000000000000014,12.000000000000009,23.90000000000001,37.8,48.0,30.0,27.0,31.0,Beverages,"Food, Beverage & Tobacco",Consumer Staples,74.37739463601532,82.26,63.8,VERU,VERU,VERU
SYY,False,84.19540229885058,0.095785440613028,0.6226053639846754,4.885057471264375,10.153256704980848,17.001915708812277,88.86,-1.7199999999999989,-1.8100000000000025,7.129999999999996,15.349999999999994,33.81,72.5,1.1000000000000083,4.599999999999994,3.899999999999992,2.4000000000000057,-2.0,26.0,30.0,36.0,Food & Staples Retailing,Food & Staples Retailing,Consumer Staples,74.37739463601532,82.26,63.8,VERU,VERU,VERU
TAP,False,84.05172413793103,0.28735632183907,8.333333333333329,0.8620689655172384,14.846743295019152,9.386973180076623,92.16,1.4899999999999949,3.5900000000000034,2.3499999999999943,21.569999999999997,11.61999999999999,86.9,0.5,4.900000000000006,8.5,7.799999999999997,2.6000000000000085,27.0,19.0,19.0,Beverages,"Food, Beverage & Tobacco",Consumer Staples,74.37739463601532,82.26,63.8,VERU,VERU,VERU
TGT,False,70.92911877394637,-0.5747126436781542,0.5268199233716615,7.471264367816104,12.691570881226063,35.488505747126446,73.17,-0.2399999999999948,-2.9200000000000017,4.590000000000003,9.47,39.45,82.5,1.8999999999999917,9.200000000000005,17.5,26.7,29.8,45.0,42.0,20.0,Multiline Retail,Retailing,Consumer Discretionary,31.369731800766285,38.16,37.05,DDS,MUSA,TEN
TMUS,False,60.77586206896552,-17.145593869731805,-8.237547892720308,-17.959770114942522,-16.810344827586214,-1.580459770114949,72.41,-10.659999999999997,-5.109999999999999,-8.36,-8.939999999999998,5.5,79.10000000000001,-0.5999999999999943,-2.999999999999986,-8.599999999999994,-11.199999999999989,-11.5,15.0,10.0,8.0,Wireless Telecommunication Services,Telecommunication Services,Communication Services,37.40421455938697,29.94,46.3,GOGO,GOGO,GOGO
TMX,False,79.59770114942529,0.8141762452107315,7.662835249042146,15.565134099616856,16.954022988505756,22.605363984674327,87.04,-0.289999999999992,4.109999999999999,9.760000000000003,5.02000000000001,10.710000000000008,78.60000000000001,2.200000000000003,5.400000000000006,4.700000000000003,6.6000000000000085,10.5,27.0,16.0,26.0,Diversified Consumer Services,Consumer Services,Consumer Discretionary,31.369731800766285,38.16,37.05,DDS,MUSA,TEN
TTMI,False,64.89463601532567,0.7662835249042104,6.03448275862069,16.4272030651341,7.710727969348653,7.327586206896555,75.27,0.1899999999999977,9.319999999999991,17.499999999999993,3.530000000000001,-7.560000000000002,75.7,1.5,7.399999999999991,16.400000000000006,21.0,27.90000000000001,74.0,48.0,39.0,"Electronic Equipment, Instruments & Components",Technology Hardware & Equipment,Information Technology,44.6360153256705,36.585,45.1,POLY,MGI,POLY
TWI,True,98.27586206896552,0.143678160919535,0.5747126436781542,0.9578544061302664,2.8735632183907995,0.3352490421455911,98.95,-0.2399999999999948,-0.3799999999999954,0.0,0.480000000000004,-0.5699999999999932,97.4,0.0,0.0,0.3999999999999915,1.0,2.200000000000003,4.0,2.0,8.0,Machinery,Capital Goods,Industrials,51.053639846743295,49.88,47.7,CAR,CNR,AVAV
UE,False,76.19731800766284,0.5747126436781684,4.1187739463601645,6.896551724137936,15.708812260536403,12.595785440613028,79.2,0.2400000000000091,-3.009999999999991,5.1200000000000045,14.060000000000002,11.86,81.69999999999999,1.799999999999983,5.799999999999983,12.5,18.599999999999987,20.099999999999987,53.0,40.0,32.5,Equity Real Estate Investment Trusts (REITs),Real Estate,Real Estate,69.15708812260536,68.24,71.15,APTS,APTS,FPI
UFCS,False,89.65517241379311,-0.8141762452107173,0.8620689655172384,2.2988505747126453,0.9099616858237596,-1.2452107279693363,94.93,0.0500000000000113,0.0,3.970000000000013,2.440000000000012,0.9100000000000108,92.1,0.3000000000000113,1.3000000000000114,-0.2000000000000028,-1.8999999999999917,-2.6999999999999886,12.0,5.0,5.0,Insurance,Insurance,Financials,45.54597701149425,47.06,29.6,AMRK,BRK.B,FHN
ULTA,False,85.15325670498083,-2.3467432950191665,0.8620689655172384,-0.1436781609195492,3.63984674329501,14.31992337164749,83.64,-3.5900000000000034,2.430000000000007,0.2300000000000039,13.629999999999995,10.799999999999995,86.0,0.2999999999999971,3.8000000000000114,5.5,11.099999999999994,19.89999999999999,16.0,21.0,14.0,Specialty Retail,Retailing,Consumer Discretionary,31.369731800766285,38.16,37.05,DDS,MUSA,TEN
USFD,False,80.84291187739464,0.1915708812260561,9.482758620689651,21.264367816091955,28.25670498084292,15.181992337164758,82.64,-1.8199999999999927,2.390000000000001,20.42,29.75,20.660000000000004,60.0,0.9000000000000057,4.499999999999993,2.4000000000000057,-2.6000000000000014,-11.599999999999994,33.0,44.0,48.0,Food & Staples Retailing,Food & Staples Retailing,Consumer Staples,74.37739463601532,82.26,63.8,VERU,VERU,VERU
USPH,False,69.44444444444444,4.262452107279685,9.482758620689658,3.544061302681996,12.547892720306509,12.835249042145591,79.39,8.280000000000001,6.549999999999997,3.8299999999999983,15.829999999999998,30.270000000000003,76.8,1.7999999999999972,5.299999999999997,5.099999999999994,3.0,4.700000000000003,73.0,43.0,86.0,Health Care Providers & Services,Health Care Equipment & Services,Health Care,37.78735632183909,25.44,56.39999999999999,LNTH,LNTH,LNTH
UTL,False,75.33524904214559,-0.0478927203065211,-1.724137931034491,0.3352490421455911,-7.088122605363992,3.975095785440601,91.58,3.539999999999992,2.0999999999999943,8.459999999999994,6.019999999999996,21.42,69.39999999999999,0.5999999999999943,-1.8000000000000114,-9.500000000000014,-13.200000000000005,-17.80000000000001,33.0,10.0,47.0,Multi-Utilities,Utilities,Utilities,78.40038314176245,84.46,82.3,SJI,SJI,SJI
UVV,False,87.30842911877394,3.591954022988503,3.496168582375475,6.657088122605359,4.022988505747122,11.350574712643676,91.15,0.0900000000000034,-1.1499999999999917,3.730000000000004,1.5300000000000011,6.930000000000007,86.2,1.7000000000000028,7.700000000000003,14.5,16.200000000000003,18.200000000000003,18.0,24.0,21.0,Tobacco,"Food, Beverage & Tobacco",Consumer Staples,74.37739463601532,82.26,63.8,VERU,VERU,VERU
VMI,False,81.0823754789272,2.0114942528735757,-2.9214559386973207,17.52873563218391,18.77394636015326,23.18007662835249,84.98,1.5700000000000074,-5.599999999999994,15.829999999999998,20.27000000000001,20.61,91.7,1.2999999999999972,6.800000000000011,15.799999999999995,22.40000000000001,28.5,51.0,35.0,25.0,Construction & Engineering,Capital Goods,Industrials,51.053639846743295,49.88,47.7,CAR,CNR,AVAV
WABC,False,70.49808429118774,-0.4310344827586334,-0.5747126436781684,8.141762452107272,3.35249042145594,3.35249042145594,80.39,0.8100000000000023,-0.5799999999999983,16.310000000000002,11.329999999999998,13.909999999999997,65.60000000000001,-0.1999999999999886,0.9000000000000057,-2.200000000000003,-8.199999999999989,-13.799999999999995,64.0,34.0,53.0,Banks,Banks,Financials,45.54597701149425,47.06,29.6,AMRK,BRK.B,FHN
WEX,False,70.06704980842912,7.9501915708812305,9.72222222222222,8.572796934865906,28.879310344827587,19.06130268199233,80.01,3.5900000000000034,20.330000000000005,21.760000000000005,32.09,12.63000000000001,67.10000000000001,0.4000000000000057,-5.099999999999994,-11.899999999999991,-17.39999999999999,-23.099999999999994,60.0,34.0,60.0,IT Services,Software & Services,Information Technology,44.6360153256705,36.585,45.1,POLY,MGI,POLY
WM,False,85.39272030651341,-0.8620689655172384,12.883141762452112,13.74521072796935,7.854406130268188,18.29501915708812,86.56,-1.1499999999999917,16.930000000000007,19.27,7.790000000000006,17.930000000000007,87.5,1.2999999999999972,7.5,12.099999999999994,20.099999999999994,27.700000000000003,35.0,29.0,37.5,Commercial Services & Supplies,Commercial  & Professional Services,Industrials,51.053639846743295,49.88,47.7,CAR,CNR,AVAV
WRK,False,67.1455938697318,1.819923371647505,0.8620689655172384,1.915708812260533,15.18199233716475,17.385057471264368,85.6,3.059999999999988,5.059999999999988,9.799999999999995,27.3,33.99999999999999,75.9,1.5,4.900000000000006,9.400000000000006,11.700000000000005,7.1000000000000085,46.0,30.0,38.0,Containers & Packaging,Materials,Materials,63.793103448275865,67.0,59.0,IPI,CF,IPI
WWE,False,90.03831417624522,0.3352490421456053,3.8793103448276014,9.674329501915722,4.358237547892742,2.1551724137931103,75.04,-2.4299999999999926,-0.1400000000000005,5.5,-4.72999999999999,-6.829999999999998,84.89999999999999,-1.3000000000000114,-2.6000000000000085,-5.1000000000000085,-7.90000000000002,-9.5,3.0,9.0,5.0,Entertainment,Media & Entertainment,Communication Services,37.40421455938697,29.94,46.3,GOGO,GOGO,GOGO
XHR,False,84.81800766283524,-1.293103448275872,4.6934865900383045,13.936781609195393,26.62835249042145,13.69731800766283,83.69,-1.2900000000000065,3.009999999999991,10.090000000000003,28.26,10.47,73.5,0.0999999999999943,2.200000000000003,2.6000000000000085,-3.6000000000000085,-6.200000000000003,29.0,30.0,66.0,Equity Real Estate Investment Trusts (REITs),Real Estate,Real Estate,69.15708812260536,68.24,71.15,APTS,APTS,FPI
XOM,True,95.45019157088124,0.5268199233716473,1.1973180076628438,0.6226053639846754,-0.143678160919535,0.4789272030651403,96.65,-0.0999999999999943,1.5800000000000125,1.240000000000009,1.960000000000008,3.300000000000012,80.2,1.0999999999999943,0.5,-3.3999999999999915,-7.899999999999991,-13.100000000000009,42.0,31.0,64.0,"Oil, Gas & Consumable Fuels",Energy,Energy,95.06704980842912,93.83,91.6,CRK,NEX,TELL
ZEN,False,88.02681992337165,7.327586206896555,6.513409961685824,17.00191570881225,27.921455938697317,34.099616858237546,90.24,5.829999999999998,19.129999999999995,20.66,19.559999999999988,23.099999999999994,87.4,-0.5999999999999943,-2.3999999999999915,-4.700000000000003,-6.099999999999994,-6.299999999999997,23.0,12.0,22.0,Software,Software & Services,Information Technology,44.6360153256705,36.585,45.1,POLY,MGI,POLY
